MiRBase ID	Family
hsa-let-7e	LET-7
hsa-let-7c	LET-7
hsa-let-7a-2	LET-7
hsa-let-7a-1	LET-7
hsa-let-7a-3	LET-7
hsa-let-7f-2	LET-7
hsa-let-7f-1	LET-7
hsa-let-7b	LET-7
hsa-mir-98	LET-7
hsa-let-7d	LET-7
hsa-let-7i	LET-7
hsa-let-7g	LET-7
hsa-mir-1-2	MIR-1
hsa-mir-206	MIR-1
hsa-mir-1-1	MIR-1
hsa-mir-7-2	MIR-7
hsa-mir-7-1	MIR-7
hsa-mir-7-3	MIR-7
hsa-mir-200b	MIR-8
hsa-mir-200c	MIR-8
hsa-mir-200a	MIR-8
hsa-mir-141	MIR-8
hsa-mir-429	MIR-8
hsa-mir-9-3	MIR-9
hsa-mir-9-2	MIR-9
hsa-mir-9-1	MIR-9
hsa-mir-10b	MIR-10
hsa-mir-10a	MIR-10
hsa-mir-99b	MIR-10
hsa-mir-99a	MIR-10
hsa-mir-100	MIR-10
hsa-mir-125a	MIR-10
hsa-mir-125b-2	MIR-10
hsa-mir-125b-1	MIR-10
hsa-mir-15a	MIR-15
hsa-mir-15b	MIR-15
hsa-mir-424	MIR-15
hsa-mir-497	MIR-15
hsa-mir-16-1	MIR-15
hsa-mir-16-2	MIR-15
hsa-mir-503	MIR-15
hsa-mir-195	MIR-15
hsa-mir-17	MIR-17
hsa-mir-106a	MIR-17
hsa-mir-106b	MIR-17
hsa-mir-18a	MIR-17
hsa-mir-18b	MIR-17
hsa-mir-20a	MIR-17
hsa-mir-20b	MIR-17
hsa-mir-93	MIR-17
hsa-mir-19a	MIR-19
hsa-mir-19b-1	MIR-19
hsa-mir-19b-2	MIR-19
hsa-mir-21	MIR-21
hsa-mir-22	MIR-22
hsa-mir-23b	MIR-23
hsa-mir-23a	MIR-23
hsa-mir-24-1	MIR-24
hsa-mir-24-2	MIR-24
hsa-mir-26a-1	MIR-26
hsa-mir-26b	MIR-26
hsa-mir-26a-2	MIR-26
hsa-mir-27b	MIR-27
hsa-mir-27a	MIR-27
hsa-mir-28	MIR-28
hsa-mir-29b-1	MIR-29
hsa-mir-29b-2	MIR-29
hsa-mir-29a	MIR-29
hsa-mir-29c	MIR-29
hsa-mir-30d	MIR-30
hsa-mir-30a	MIR-30
hsa-mir-30e	MIR-30
hsa-mir-30b	MIR-30
hsa-mir-30c-2	MIR-30
hsa-mir-30c-1	MIR-30
hsa-mir-31	MIR-31
hsa-mir-32	MIR-32
hsa-mir-33b	MIR-33
hsa-mir-33a	MIR-33
hsa-mir-34a	MIR-34
hsa-mir-34b	MIR-34
hsa-mir-34c	MIR-34
hsa-mir-449c	MIR-34
hsa-mir-449b	MIR-34
hsa-mir-449a	MIR-34
hsa-mir-92a-1	MIR-92
hsa-mir-92a-2	MIR-92
hsa-mir-92b	MIR-92
hsa-mir-367	MIR-92
hsa-mir-363	MIR-92
hsa-mir-25	MIR-92
hsa-mir-95	MIR-95
hsa-mir-96	MIR-96
hsa-mir-182	MIR-96
hsa-mir-183	MIR-96
hsa-mir-101-1	MIR-101
hsa-mir-101-2	MIR-101
hsa-mir-107	MIR-103
hsa-mir-103a-2	MIR-103
hsa-mir-103a-1	MIR-103
hsa-mir-105-2	MIR-105
hsa-mir-105-1	MIR-105
hsa-mir-122	MIR-122
hsa-mir-124-2	MIR-124
hsa-mir-124-1	MIR-124
hsa-mir-124-3	MIR-124
hsa-mir-126	MIR-126
hsa-mir-127	MIR-127
hsa-mir-128-2	MIR-128
hsa-mir-128-1	MIR-128
hsa-mir-129-2	MIR-129
hsa-mir-129-1	MIR-129
hsa-mir-130a	MIR-130
hsa-mir-301b	MIR-130
hsa-mir-301a	MIR-130
hsa-mir-454	MIR-130
hsa-mir-130b	MIR-130
hsa-mir-132	MIR-132
hsa-mir-212	MIR-132
hsa-mir-133a-1	MIR-133
hsa-mir-133b	MIR-133
hsa-mir-133a-2	MIR-133
hsa-mir-134	MIR-134
hsa-mir-135a-1	MIR-135
hsa-mir-135a-2	MIR-135
hsa-mir-135b	MIR-135
hsa-mir-136	MIR-136
hsa-mir-137	MIR-137
hsa-mir-138-1	MIR-138
hsa-mir-138-2	MIR-138
hsa-mir-139	MIR-139
hsa-mir-140	MIR-140
hsa-mir-142	MIR-142
hsa-mir-143	MIR-143
hsa-mir-144	MIR-144
hsa-mir-145	MIR-145
hsa-mir-146b	MIR-146
hsa-mir-146a	MIR-146
hsa-mir-147b	MIR-147
hsa-mir-148a	MIR-148
hsa-mir-152	MIR-148
hsa-mir-148b	MIR-148
hsa-mir-149	MIR-149
hsa-mir-150	MIR-150
hsa-mir-151a	MIR-151
hsa-mir-153-2	MIR-153
hsa-mir-153-1	MIR-153
hsa-mir-379	MIR-154
hsa-mir-411	MIR-154
hsa-mir-299	MIR-154
hsa-mir-380	MIR-154
hsa-mir-1197	MIR-154
hsa-mir-323a	MIR-154
hsa-mir-323b	MIR-154
hsa-mir-758	MIR-154
hsa-mir-329-1	MIR-154
hsa-mir-329-2	MIR-154
hsa-mir-494	MIR-154
hsa-mir-1193	MIR-154
hsa-mir-543	MIR-154
hsa-mir-495	MIR-154
hsa-mir-654	MIR-154
hsa-mir-1185-1	MIR-154
hsa-mir-1185-2	MIR-154
hsa-mir-381	MIR-154
hsa-mir-487b	MIR-154
hsa-mir-539	MIR-154
hsa-mir-889	MIR-154
hsa-mir-655	MIR-154
hsa-mir-487a	MIR-154
hsa-mir-382	MIR-154
hsa-mir-485	MIR-154
hsa-mir-154	MIR-154
hsa-mir-496	MIR-154
hsa-mir-377	MIR-154
hsa-mir-409	MIR-154
hsa-mir-412	MIR-154
hsa-mir-369	MIR-154
hsa-mir-410	MIR-154
hsa-mir-656	MIR-154
hsa-mir-155	MIR-155
hsa-mir-181a-1	MIR-181
hsa-mir-181a-2	MIR-181
hsa-mir-181c	MIR-181
hsa-mir-181b-1	MIR-181
hsa-mir-181b-2	MIR-181
hsa-mir-181d	MIR-181
hsa-mir-184	MIR-184
hsa-mir-185	MIR-185
hsa-mir-186	MIR-186
hsa-mir-187	MIR-187
hsa-mir-532	MIR-188
hsa-mir-188	MIR-188
hsa-mir-660	MIR-188
hsa-mir-190a	MIR-190
hsa-mir-190b	MIR-190
hsa-mir-191	MIR-191
hsa-mir-215	MIR-192
hsa-mir-192	MIR-192
hsa-mir-193b	MIR-193
hsa-mir-193a	MIR-193
hsa-mir-365a	MIR-193
hsa-mir-365b	MIR-193
hsa-mir-194-1	MIR-194
hsa-mir-194-2	MIR-194
hsa-mir-196b	MIR-196
hsa-mir-196a-1	MIR-196
hsa-mir-196a-2	MIR-196
hsa-mir-197	MIR-197
hsa-mir-199a-2	MIR-199
hsa-mir-199b	MIR-199
hsa-mir-199a-1	MIR-199
hsa-mir-202	MIR-202
hsa-mir-203a	MIR-203
hsa-mir-211	MIR-204
hsa-mir-204	MIR-204
hsa-mir-205	MIR-205
hsa-mir-208b	MIR-208
hsa-mir-208a	MIR-208
hsa-mir-210	MIR-210
hsa-mir-214	MIR-214
hsa-mir-216b	MIR-216
hsa-mir-216a	MIR-216
hsa-mir-217	MIR-217
hsa-mir-218-1	MIR-218
hsa-mir-218-2	MIR-218
hsa-mir-219a-2	MIR-219
hsa-mir-219b	MIR-219
hsa-mir-219a-1	MIR-219
hsa-mir-222	MIR-221
hsa-mir-221	MIR-221
hsa-mir-223	MIR-223
hsa-mir-224	MIR-224
hsa-mir-296	MIR-296
hsa-mir-320a	MIR-320
hsa-mir-320b-1	MIR-320
hsa-mir-320b-2	MIR-320
hsa-mir-320c-1	MIR-320
hsa-mir-320c-2	MIR-320
hsa-mir-324	MIR-324
hsa-mir-325	MIR-325
hsa-mir-326	MIR-326
hsa-mir-328	MIR-328
hsa-mir-330	MIR-330
hsa-mir-331	MIR-331
hsa-mir-335	MIR-335
	MIR-337
hsa-mir-337	MIR-337
hsa-mir-338	MIR-338
hsa-mir-3065	MIR-338
hsa-mir-339	MIR-339
hsa-mir-340	MIR-340
hsa-mir-342	MIR-342
hsa-mir-345	MIR-345
hsa-mir-346	MIR-346
hsa-mir-361	MIR-361
hsa-mir-500a	MIR-362
hsa-mir-500b	MIR-362
hsa-mir-362	MIR-362
hsa-mir-501	MIR-362
hsa-mir-502	MIR-362
hsa-mir-370	MIR-370
hsa-mir-374a	MIR-374
hsa-mir-374b	MIR-374
hsa-mir-375	MIR-375
	MIR-376
hsa-mir-376c	MIR-376
hsa-mir-376a-2	MIR-376
hsa-mir-376b	MIR-376
hsa-mir-376a-1	MIR-376
hsa-mir-378a	MIR-378
hsa-mir-383	MIR-383
hsa-mir-545	MIR-421
hsa-mir-421	MIR-421
hsa-mir-423	MIR-423
hsa-mir-425	MIR-425
hsa-mir-302b	MIR-430
hsa-mir-302c	MIR-430
hsa-mir-302a	MIR-430
hsa-mir-302d	MIR-430
hsa-mir-371a	MIR-430
hsa-mir-372	MIR-430
hsa-mir-373	MIR-430
hsa-mir-512-2	MIR-430
hsa-mir-512-1	MIR-430
hsa-mir-1323	MIR-430
hsa-mir-498	MIR-430
hsa-mir-520e	MIR-430
hsa-mir-515-2	MIR-430
hsa-mir-515-1	MIR-430
hsa-mir-519e	MIR-430
hsa-mir-520f	MIR-430
hsa-mir-519c	MIR-430
hsa-mir-1283-1	MIR-430
hsa-mir-1283-2	MIR-430
hsa-mir-520a	MIR-430
hsa-mir-526b	MIR-430
hsa-mir-519b	MIR-430
hsa-mir-525	MIR-430
hsa-mir-523	MIR-430
hsa-mir-518f	MIR-430
hsa-mir-520b	MIR-430
hsa-mir-518b	MIR-430
hsa-mir-526a-1	MIR-430
hsa-mir-520c	MIR-430
hsa-mir-518c	MIR-430
hsa-mir-524	MIR-430
hsa-mir-517a	MIR-430
hsa-mir-517b	MIR-430
hsa-mir-517c	MIR-430
hsa-mir-519d	MIR-430
hsa-mir-521-2	MIR-430
hsa-mir-521-1	MIR-430
hsa-mir-520d	MIR-430
hsa-mir-520h	MIR-430
hsa-mir-520g	MIR-430
hsa-mir-516b-2	MIR-430
hsa-mir-516b-1	MIR-430
hsa-mir-526a-2	MIR-430
hsa-mir-518e	MIR-430
hsa-mir-518a-1	MIR-430
hsa-mir-518a-2	MIR-430
hsa-mir-527	MIR-430
hsa-mir-518d	MIR-430
hsa-mir-522	MIR-430
hsa-mir-519a-1	MIR-430
hsa-mir-519a-2	MIR-430
hsa-mir-516a-1	MIR-430
hsa-mir-516a-2	MIR-430
hsa-mir-431	MIR-431
hsa-mir-432	MIR-432
hsa-mir-433	MIR-433
hsa-mir-448	MIR-448
hsa-mir-450a-2	MIR-450
hsa-mir-450a-1	MIR-450
hsa-mir-450b	MIR-450
hsa-mir-451a	MIR-451
hsa-mir-452	MIR-452
hsa-mir-455	MIR-455
hsa-mir-802	MIR-459
hsa-mir-483	MIR-483
hsa-mir-484	MIR-484
hsa-mir-486-1	MIR-486
hsa-mir-488	MIR-488
hsa-mir-489	MIR-489
hsa-mir-490	MIR-490
hsa-mir-491	MIR-491
hsa-mir-493	MIR-493
hsa-mir-499a	MIR-499
hsa-mir-504	MIR-504
hsa-mir-505	MIR-505
hsa-mir-514a-3	MIR-506
hsa-mir-514a-2	MIR-506
hsa-mir-514a-1	MIR-506
hsa-mir-510	MIR-506
hsa-mir-509-1	MIR-506
hsa-mir-509-3	MIR-506
hsa-mir-509-2	MIR-506
	MIR-506
hsa-mir-514b	MIR-506
hsa-mir-507	MIR-506
hsa-mir-508	MIR-506
hsa-mir-506	MIR-506
hsa-mir-513a-2	MIR-506
hsa-mir-513a-1	MIR-506
hsa-mir-513b	MIR-506
hsa-mir-513c	MIR-506
hsa-mir-892b	MIR-506
hsa-mir-892a	MIR-506
hsa-mir-888	MIR-506
hsa-mir-890	MIR-506
hsa-mir-892c	MIR-506
hsa-mir-511	MIR-511
hsa-mir-541	MIR-541
hsa-mir-542	MIR-542
hsa-mir-544a	MIR-544
hsa-mir-550a-1	MIR-550
hsa-mir-550a-3	MIR-550
hsa-mir-550a-2	MIR-550
hsa-mir-551a	MIR-551
hsa-mir-551b	MIR-551
hsa-mir-552	MIR-552
hsa-mir-556	MIR-556
hsa-mir-561	MIR-561
hsa-mir-574	MIR-574
hsa-mir-576	MIR-576
hsa-mir-577	MIR-577
hsa-mir-579	MIR-579
hsa-mir-580	MIR-580
hsa-mir-582	MIR-582
hsa-mir-584	MIR-584
hsa-mir-585	MIR-585
hsa-mir-589	MIR-589
hsa-mir-590	MIR-590
hsa-mir-592	MIR-592
hsa-mir-598	MIR-598
hsa-mir-599	MIR-599
hsa-mir-605	MIR-605
hsa-mir-615	MIR-615
hsa-mir-616	MIR-616
hsa-mir-624	MIR-624
hsa-mir-628	MIR-628
hsa-mir-629	MIR-629
hsa-mir-642a	MIR-642
hsa-mir-651	MIR-651
hsa-mir-652	MIR-652
hsa-mir-653	MIR-653
hsa-mir-670	MIR-670
hsa-mir-671	MIR-671
hsa-mir-675	MIR-675
hsa-mir-676	MIR-676
hsa-mir-708	MIR-708
hsa-mir-744	MIR-744
hsa-mir-760	MIR-760
hsa-mir-766	MIR-766
hsa-mir-769	MIR-769
hsa-mir-770	MIR-770
hsa-mir-873	MIR-873
hsa-mir-874	MIR-874
hsa-mir-875	MIR-875
hsa-mir-876	MIR-876
hsa-mir-877	MIR-877
hsa-mir-885	MIR-885
hsa-mir-887	MIR-887
hsa-mir-934	MIR-934
hsa-mir-935	MIR-935
hsa-mir-944	MIR-944
hsa-mir-1180	MIR-1180
hsa-mir-1247	MIR-1247
hsa-mir-1249	MIR-1249
hsa-mir-1251	MIR-1251
hsa-mir-1252	MIR-1252
hsa-mir-1264	MIR-1264
hsa-mir-1266	MIR-1266
hsa-mir-1269a	MIR-1269
hsa-mir-1270	MIR-1270
hsa-mir-1271	MIR-1271
hsa-mir-1276	MIR-1276
hsa-mir-1277	MIR-1277
hsa-mir-1278	MIR-1278
hsa-mir-1286	MIR-1286
hsa-mir-1287	MIR-1287
hsa-mir-1294	MIR-1294
hsa-mir-1295a	MIR-1295
hsa-mir-1296	MIR-1296
hsa-mir-1298	MIR-1298
hsa-mir-1301	MIR-1301
hsa-mir-1306	MIR-1306
hsa-mir-1307	MIR-1307
hsa-mir-1343	MIR-1343
hsa-mir-1908	MIR-1908
hsa-mir-1910	MIR-1910
hsa-mir-1911	MIR-1911
hsa-mir-1912	MIR-1912
hsa-mir-1913	MIR-1913
hsa-mir-1914	MIR-1914
hsa-mir-2114	MIR-2114
hsa-mir-2115	MIR-2115
hsa-mir-2116	MIR-2116
hsa-mir-2276	MIR-2276
hsa-mir-2355	MIR-2355
hsa-mir-2467	MIR-2467
	MIR-3059
	MIR-3085
hsa-mir-3126	MIR-3126
hsa-mir-3127	MIR-3127
hsa-mir-3136	MIR-3136
hsa-mir-3138	MIR-3138
hsa-mir-3140	MIR-3140
hsa-mir-3144	MIR-3144
hsa-mir-3145	MIR-3145
hsa-mir-3146	MIR-3146
hsa-mir-3173	MIR-3173
hsa-mir-3174	MIR-3174
hsa-mir-3180-1	MIR-3180
hsa-mir-3180-2	MIR-3180
hsa-mir-3180-3	MIR-3180
hsa-mir-3187	MIR-3187
hsa-mir-3194	MIR-3194
hsa-mir-3611	MIR-3611
hsa-mir-3613	MIR-3613
hsa-mir-3615	MIR-3615
hsa-mir-3617	MIR-3617
hsa-mir-3619	MIR-3619
hsa-mir-3622a	MIR-3622
hsa-mir-3663	MIR-3663
hsa-mir-3690-1	MIR-3690
hsa-mir-3909	MIR-3909
hsa-mir-3924	MIR-3924
hsa-mir-3934	MIR-3934
hsa-mir-3942	MIR-3942
hsa-mir-3944	MIR-3944
hsa-mir-4424	MIR-4424
hsa-mir-4524a	MIR-4524
hsa-mir-4637	MIR-4637
hsa-mir-4661	MIR-4661
hsa-mir-4662b	MIR-4662
hsa-mir-4664	MIR-4664
hsa-mir-4677	MIR-4677
hsa-mir-4731	MIR-4731
hsa-mir-4766	MIR-4766
hsa-mir-4798	MIR-4798
hsa-mir-5579	MIR-5579
hsa-mir-5581	MIR-5581
hsa-mir-5586	MIR-5586
hsa-mir-5687	MIR-5687
	MIR-6529
hsa-mir-6715a	MIR-6715
hsa-mir-7151	MIR-7151
hsa-mir-7706	MIR-7706
hsa-mir-7854	MIR-7854
hsa-mir-9851	MIR-9851
	MIR-12462
	MIR-12463
