miRNA,Var_Age,Var_Sex,Var_Project,Var_Residual,Age_Coef,Age_pval
hsa-miR-18a-5p,3.2104635564586723,0.7228440712539445,0.0,96.06669237228739,-0.01687617962119396,5.918189600644236e-07
hsa-miR-190a-5p,2.405310208152971,0.3121610220720073,0.0,97.28252876977503,-0.012408767036024542,1.7434673478605166e-05
hsa-miR-19a-3p,2.403655818741795,0.04783142148696906,0.0,97.54851275977123,-0.015745498159084756,1.802039344588114e-05
hsa-miR-424-5p,2.3542560429009685,1.4701427893990535,0.0,96.17560116769998,-0.008331009922817711,1.9200154493717064e-05
hsa-miR-4728-3p,2.2614702509649476,0.19861702886585933,0.0,97.5399127201692,0.0046979234965647135,3.189086022668973e-05
hsa-miR-548d-3p,1.8353949371056661,0.24968515668006871,0.0,97.91491990621427,-0.004640419629713856,0.0001839678084099855
hsa-miR-454-3p,1.8189371966630656,0.19711724889884288,64.89062872376005,33.093316830678056,-0.022620328015417204,1.4926026821111043e-10
hsa-miR-3143,1.7837010955709942,0.9405495808328699,0.0,97.27574932359614,-0.005946733791023098,0.0002163488738207489
hsa-miR-29c-3p,1.711835769176524,0.2567915386867519,0.0,98.03137269213673,-0.010981306445739171,0.00030638448926021414
hsa-miR-374c-5p,1.655145042031496,0.2003305779952328,32.233387104172785,65.91113727580048,-0.010023298442814518,1.3959452183815929e-05
hsa-miR-4482-3p,1.3317125167644788,0.3791009744740754,0.0,98.28918650876145,-0.008871361290010189,0.0014740592785591083
hsa-miR-20b-5p,1.1900473839589243,0.16908441562606114,68.17610802990743,30.4647601705076,-0.017171440823358385,6.53295633496386e-08
hsa-miR-337-3p,1.1139951605647795,0.23878982334402912,49.6324889978118,49.01472601827941,-0.010022901581065226,3.712095566308726e-05
hsa-miR-20a-5p,1.0621914448389898,0.04177393676874499,72.9729605133358,25.923074105056465,-0.02255379485507118,3.1369858709041907e-08
hsa-miR-17-5p,0.9994431398759311,0.09954625763197898,76.17023556942408,22.730775033068,-0.020597036843649552,9.966646026880035e-09
hsa-miR-106b-5p,0.9955556596943684,0.23292595260476587,66.19382015057602,32.57769823712484,-0.017705455421832716,1.7623515983350704e-06
hsa-miR-144-5p,0.9706654377732916,0.3218355043154969,60.03224900795337,38.675250049957846,-0.024796897809153052,1.473759486509502e-05
hsa-miR-144-3p,0.9623615794372891,0.03602531768510727,67.24502959682259,31.75658350605501,-0.019537682949431662,1.944966910966762e-06
hsa-miR-374b-5p,0.9594141929237487,0.07213949995693301,69.26158731996622,29.7068589871531,-0.020266334941767432,8.969057058143208e-07
hsa-miR-106a-5p,0.9289410090362755,0.12144001310137188,74.94686951880787,24.002749459054474,-0.016782773850336274,7.574118757082393e-08
hsa-miR-15a-5p,0.901493781671471,0.17356572421692654,76.43665985208813,22.488280642023472,-0.02570124827627136,4.556431534646993e-08
hsa-miR-30e-5p,0.8945593199402762,0.00044916686990635076,73.08599119669104,26.019000316498786,-0.017179756310619177,4.089642530929646e-07
hsa-miR-362-3p,0.8780306425586385,0.03514630298726707,32.36575633982945,66.72106671462464,-0.005966923582967341,0.001707701915235626
hsa-miR-374a-5p,0.8297095918585459,0.06898233757642216,73.77249301811115,25.328815052453884,-0.016141627158542362,7.532652921305588e-07
hsa-miR-16-5p,0.8110696846481847,0.10515039330057871,78.38182443838426,20.701955483666985,-0.021119705058819035,6.456016779808704e-08
hsa-miR-142-3p,0.8076032922973495,0.08437163968836925,62.10703060441419,37.00099446360008,-0.016593931641211285,5.363906891405368e-05
hsa-miR-101-3p,0.788405302136832,0.14398121918492654,71.52865181231446,27.538961666363782,-0.024173486385162177,3.7337417734130266e-06
hsa-miR-660-5p,0.7384444548550927,0.17647853450427092,73.56289951416515,25.52217749647547,-0.015024906412622045,3.381755705901442e-06
hsa-miR-548e-3p,0.7291511112612227,0.16267387254753088,58.313405678778565,40.79476933741268,-0.006926536699478641,0.0002548564809546738
hsa-miR-26a-2-3p,0.7243245062608248,0.029072377227445777,58.035587992206914,41.211015124304815,-0.006005708444524709,0.00028800865282407754
hsa-miR-96-5p,0.7065623850638051,0.00839440546527415,62.32068963292596,36.96435357654494,-0.014620549100314913,0.0001559540836606682
hsa-miR-1234-3p,0.6652150919716473,0.3478166847533524,57.579261041119665,41.407707182155335,0.004985712720162063,0.0005252685369726334
hsa-miR-194-5p,0.6645701275793314,0.022611060758027917,71.32298889396081,27.98982991770183,-0.012917470936764291,2.5226765361487564e-05
hsa-miR-335-5p,0.6228479803635326,0.14760464625423844,54.61487478155471,44.61467259182753,-0.008396936160993424,0.0012446688713066297
hsa-miR-642a-5p,0.6087195581403145,0.07828459036073175,80.95543612611792,18.35755972538103,0.0059699176515084626,6.483432998132226e-07
hsa-miR-6766-3p,0.5790866600133756,0.005899777124640057,64.52157894351268,34.89343461934931,0.0037555202410306395,0.0004270864700030356
hsa-miR-126-5p,0.5563011124784056,0.0513613328973064,74.23432488085061,25.158012673773683,-0.020711281334946752,4.88495100735497e-05
hsa-miR-4772-3p,0.5472679781507,0.47179187894133695,0.0,98.98094014290797,0.004993045572001276,0.04222942871026238
hsa-miR-3157-5p,0.5468447655610355,0.47301730103710815,60.426249601179464,38.55388833222239,-0.0039620790751450285,0.0011267245454452434
hsa-miR-192-5p,0.5408951949030114,0.22211907148891463,63.56919397114097,35.6677917624671,-0.009821192313999638,0.000759480295403223
hsa-miR-93-5p,0.5395072949837982,0.13493595464951305,77.35776369234077,21.967793058025926,-0.014083281253624914,1.872687703987106e-05
hsa-miR-3688-3p,0.5093694892892584,0.0515149838069478,57.8733105671106,41.5658049597932,-0.006054048775934319,0.0024888481112139414
hsa-miR-483-3p,0.5091410866052135,0.8469593289918661,42.09400516344944,56.54989442095347,0.005957211902165792,0.009359940219650567
hsa-miR-654-3p,0.5046866643830966,0.22195863546852065,77.61107445727798,21.662280242870406,-0.012234054875064113,3.0257579091792495e-05
hsa-miR-103a-3p,0.495451996505911,0.7119503683517944,72.58551073876257,26.20708689637972,-0.011612351829912356,0.0001716002908189154
hsa-miR-487b-3p,0.4798447286033415,0.13229952072430615,83.30170157622054,16.086154174451824,-0.009687921128582367,2.369820710593114e-06
hsa-miR-3667-5p,0.4688947839762729,1.044336883090034,0.0,98.48676833293369,-0.005455546682492654,0.05944331865034503
hsa-miR-19b-3p,0.45708884974471176,0.0012894486662946884,69.71051561189736,29.831106089691634,-0.01322141525307684,0.0007155586423144743
hsa-miR-6729-3p,0.4546068702364741,0.0467111167360495,63.45525363935578,36.0434283736717,0.004372816338512263,0.0021328570312497243
hsa-miR-6826-3p,0.44923462761442623,0.11215009014344621,0.0,99.43861528224213,-0.0039366526038758206,0.06634140441315438
hsa-miR-4516,0.43204306219374705,1.7518985679733854,0.0,97.81605836983287,-0.002631365081485128,0.06944596403884999
hsa-miR-4326,0.4269116592611047,1.1029645960897523,0.0,98.47012374464914,-0.01016117127654008,0.07206770560858579
hsa-miR-17-3p,0.4190441646917244,0.002098127930320637,66.03290132482343,33.545956382554536,-0.008250633390978425,0.002279576593772427
hsa-miR-21-5p,0.41144356171269014,0.011489597434023691,87.47846701523594,12.098599825617352,-0.022697621288239874,4.6791414593915245e-07
hsa-miR-27b-3p,0.40799437431182944,0.001882375517150749,88.42225785183403,11.16786539833699,-0.0172553173532176,1.764605342579527e-07
hsa-miR-5695,0.40578538363570266,0.011187729800522687,64.6022181408628,34.980808745700976,-0.0059563764924113255,0.003226212591733066
hsa-miR-188-5p,0.4011391575915995,0.09655458677812699,43.08731172913368,56.4149945264966,-0.0027975980472807935,0.02116622467728088
hsa-miR-629-3p,0.39809983876584093,0.9680084456295096,74.69928225550115,23.934609460103502,0.004617929100475163,0.0004232217404939951
hsa-miR-10401-3p,0.3926575695646641,0.014722285892081556,88.26672610848533,11.325894036057917,0.009025256453602455,3.6261614088484807e-07
hsa-miR-26b-5p,0.3764445599441103,0.09243343190347093,87.52508406881138,12.006037939341038,-0.01997917882846346,1.3107946192784503e-06
hsa-miR-107,0.37169136825614446,0.7128697652327787,77.1900169506898,21.72542191582128,-0.01165340884366441,0.0003541093350709592
hsa-miR-4687-5p,0.3707003462683321,0.03281116466242546,0.0,99.59648848906924,0.0017336508830416424,0.09559572599326017
hsa-miR-421,0.363006475682602,0.14996201821360053,75.93161521900672,23.555416287097085,-0.007526600321060405,0.0006987207638887118
hsa-miR-3944-5p,0.36005220921328307,0.010321586963553795,74.98144938432117,24.648176819502,0.003676270802545985,0.000953404129875168
hsa-miR-1249-3p,0.3590980785909738,1.5871305869986817e-05,83.25107215042533,16.38981389967783,0.008984500625773299,5.232852213312883e-05
hsa-let-7i-3p,0.35629984391014347,0.06961950403693236,84.24496611692153,15.329114535131398,-0.0068577892572391,3.1164513306915184e-05
hsa-miR-10399-5p,0.35005814589531864,0.07124976299319798,70.48568145547515,29.09301063563634,-0.004402064343237645,0.002707826035661008
hsa-miR-576-5p,0.34438099098631225,0.03457389371280536,76.11281822056021,23.508226894740666,-0.009006899867705146,0.0009380978464434568
hsa-miR-6882-3p,0.33317255991532535,0.0631875879641356,60.7745972533907,38.82904259872983,0.003210500867020265,0.011284547842803756
hsa-miR-363-3p,0.3316934046290833,0.14515524937101087,83.16579599269657,16.35735535330333,-0.012392162315602038,9.957315749221651e-05
hsa-miR-140-5p,0.3299587787135964,0.01197454340095753,92.209389583889,7.448677093996432,-0.010933669225368182,8.90891045153823e-09
hsa-miR-548ay-5p,0.3289581131812159,0.2528946240622926,68.25667654528083,31.16147071747566,-0.00645508448880469,0.004976873611753229
hsa-miR-1307-5p,0.32551499864253824,0.018830512566044257,72.5433361901826,27.112318298608805,-0.006392544129753356,0.002740722112035165
hsa-miR-6817-3p,0.3251207251917807,0.23511447305986838,77.46636107695633,21.97340372479201,0.0042968652480111285,0.000884537314720814
hsa-miR-186-5p,0.3124018578325586,2.949577312477048e-10,0.0,99.68759814187248,-0.003777689696973509,0.12620479862486217
hsa-miR-4762-5p,0.3079277440739637,0.22854835167472493,53.61017625767289,45.85334764657843,-0.002358359594229696,0.025168128353839733
hsa-miR-4695-3p,0.3000317612339302,0.17628574229003072,61.930823231521856,37.59285926495419,0.002727507421783764,0.01454522636524504
hsa-miR-548ad-5p,0.29923461359156855,0.15383377742253468,65.53750516087314,34.009426448112755,-0.005174258485931075,0.010323211677788392
hsa-miR-26a-5p,0.2940226763795129,0.03948801268448149,89.44672926044316,10.219760050492834,-0.014070097180537066,3.5828085365893756e-06
hsa-miR-126-3p,0.2907384667823181,0.04093390973921641,90.66236228977772,9.005965333700763,-0.02183259824876563,9.140027369190691e-07
hsa-miR-4511,0.28981201753862257,0.43811788719469397,61.3719310605811,37.900139034685594,-0.003693462469404489,0.01677929600122138
hsa-miR-3200-3p,0.2892893552307254,0.04249744748674197,78.69269661161763,20.975516585664888,-0.006672546544210931,0.0013288238033421465
hsa-miR-29b-3p,0.28903137334687007,0.17918297302608957,73.40450228482979,26.12728336879725,-0.0090169970961851,0.004036763848773893
hsa-miR-4707-3p,0.28571019378356266,0.4178616606755181,0.0,99.29642814554092,-0.0058464618871658,0.14283071462898614
hsa-miR-4443,0.2837110263967828,2.170402022339772,66.98898754069093,30.55689941057251,-0.006238736872250801,0.00842566549839368
hsa-miR-491-5p,0.2782598397993161,0.28344569335570635,60.001985906652756,39.43630856019223,0.003257875240606013,0.02158022930901376
hsa-miR-30a-5p,0.27659981024471325,0.01275839287228996,80.52507750102673,19.185564295856267,-0.00831371413142725,0.0010326720766675546
hsa-miR-210-5p,0.2740468326946917,0.07749725102437763,68.66856551257402,30.979890403706907,0.0038853128517513966,0.010146299643435388
hsa-miR-15b-5p,0.2737203572430096,0.07811191390906523,86.33636944828932,13.311798280558609,-0.014262948793406293,8.923327667050152e-05
hsa-miR-454-5p,0.2661695247063416,0.1705021021917018,84.78458850658379,14.778739866518167,-0.008876219360824235,0.0002454754734918113
hsa-miR-196b-5p,0.26394082310240863,0.006296015218060478,83.87693035972515,15.852832801954397,-0.009367050556290599,0.0004218379562301567
hsa-miR-495-3p,0.2597485622154057,0.10012660385220436,89.33910771512124,10.301017118811147,-0.010199632537711372,1.4324237003166889e-05
hsa-miR-6836-3p,0.25710885028170194,0.0006331007922836725,60.58759323949199,39.15466480943403,0.0025422835497509785,0.026684163300768334
hsa-let-7f-5p,0.25704165493316705,0.16957229353289338,88.32142193776856,11.251964113765384,-0.01493081828530871,3.628118236438179e-05
hsa-let-7a-3p,0.2523080439608265,0.001005807988632909,82.45683017869155,17.289855969359007,-0.010893764919352737,0.000961879255818017
hsa-miR-92b-5p,0.251594260845253,0.013822483667084199,87.74913598400913,11.98544727147854,0.006677679539523857,7.52501271459683e-05
hsa-miR-15b-3p,0.2501733507770033,0.02434604301420995,84.29311374524617,15.432366860962613,-0.009764048087819532,0.0005027055733557734
hsa-miR-3130-5p,0.24632782155908015,0.5843430371024704,62.405729045214265,36.76360009612419,0.004432825280286759,0.025211515553398636
hsa-miR-548d-5p,0.24171840305611383,0.1834561674998256,77.11624708708943,22.45857834235461,-0.006438260219497552,0.004583679566403398
hsa-miR-548t-3p,0.2411425770665274,0.0006139845423815065,60.348333419232105,39.40991001915899,-0.004389180027776643,0.03244265184663362
hsa-miR-548aa,0.24109075835019744,0.000118584059127558,58.63274355354409,41.126047104046584,-0.004326777786685628,0.03628408434791442
hsa-miR-6748-3p,0.24022978723910698,0.08891345056554079,62.358222013523765,37.31263474867159,0.0021066445046567807,0.02820139989223069
hsa-miR-641,0.23623247966387514,0.025726071044116276,87.61711819645033,12.120923252841665,-0.007413493887260204,0.00013637741966477737
hsa-miR-335-3p,0.23429423656937945,0.8187656890804952,86.9892858143873,11.957654259962833,-0.008928128370740012,0.00013086280242479158
hsa-miR-550b-3p,0.23082278448536578,0.035402864551234245,65.50563896337628,34.22813538758713,-0.0033527071480173396,0.024750462501957022
hsa-miR-27a-3p,0.22761169045564753,0.00720030594506364,91.36941798348263,8.395770020116649,-0.013870350287678617,6.837491142828412e-06
hsa-miR-7855-5p,0.2217379633369358,0.22332184504676167,0.0,99.5549401916163,0.0016902350452436036,0.19732039767607423
hsa-miR-181c-5p,0.21807550105875903,0.05943139549243118,85.23708922935036,14.485403874098438,-0.005788581479980745,0.0008037395838677798
hsa-miR-1224-3p,0.2177937616853971,0.8454357854742748,0.0,98.93677045284034,0.001870068895248558,0.1999509471547537
hsa-miR-30b-5p,0.2174022864369713,0.003819615926046307,80.85980865534287,18.91896944229411,-0.008989702432499495,0.003402049976015013
hsa-miR-486-3p,0.21670970224721975,0.02940459122240516,80.45042670605679,19.303459000473577,-0.008993215422168762,0.003788177100358433
hsa-miR-106b-3p,0.21445244504743874,0.15647167438038867,87.90548644776955,11.723589432802605,-0.00927734063279959,0.00021938106315015838
hsa-miR-3127-5p,0.21441130132614045,1.578574191464098,0.0,98.20701450720976,0.001415772441250874,0.2018085693596955
hsa-miR-7-1-3p,0.20963263306093882,0.01143984740972015,83.89183384903951,15.88709367048983,-0.007540229572814094,0.0016996399953336815
hsa-miR-628-3p,0.2067329570556576,0.2795846215594101,75.70190340160146,23.81177901978349,-0.0053868594445139325,0.01089859909177519
hsa-miR-25-3p,0.20170191059482784,0.019834854340952744,85.87536545970042,13.9030977753638,-0.008216410355039757,0.0009975180653408158
hsa-miR-450a-5p,0.20059585518867437,0.07934757484603648,88.26351879221073,11.456537777754559,-0.007196556132738168,0.0002995151095880786
hsa-miR-3620-3p,0.19707928491231289,0.15597068710473855,80.9864342478762,18.660515780106763,0.004525744886158717,0.004983407843082347
hsa-miR-130a-3p,0.1965068976600416,0.03830119024030368,79.66177144286812,20.103420469231555,-0.007398986420975873,0.006926779699126866
hsa-miR-532-5p,0.19532876966879206,0.06271013047033232,84.08633204770962,15.65562905215126,-0.007932017897254087,0.002270623537654259
hsa-miR-329-3p,0.19434906178615713,0.517318882230752,69.68930235979971,29.599029696183383,-0.005986148660287903,0.026733896593681198
hsa-miR-4753-5p,0.19183183577488583,0.6038326381864498,50.96808635232455,48.23624917371412,0.0018222400934665983,0.08437045125255048
hsa-miR-130b-3p,0.18695520635464077,0.12273627224081878,79.4709667579231,20.21934176348145,-0.0056188687428989454,0.008647155312142956
hsa-miR-143-3p,0.18624378495796287,8.954900033193692e-05,86.9839256991369,12.82974096690478,-0.0106751117011416,0.0009934269273170252
hsa-miR-548at-5p,0.1852076535155199,1.5616758346337136,0.0,98.25311651185076,-0.001854224542063056,0.23561021858187758
hsa-miR-142-5p,0.1849202141713814,0.0121651829141281,82.19297714867069,17.609937454243784,-0.009893401873916241,0.005103198282244861
hsa-miR-598-3p,0.1825973886635727,0.08630920703886986,93.01969877913993,6.711394625157628,-0.0071853611488317815,6.592803301813538e-06
hsa-miR-584-3p,0.18064711004204984,0.08627797636044786,85.86218420387912,13.870890709718381,0.004813508624507289,0.001817326268601319
hsa-miR-26b-3p,0.17846015893225878,0.08306081657475445,77.4033941727841,22.335084851708878,-0.005333880452072163,0.014616177257144519
hsa-miR-340-5p,0.17789811937992522,0.09069047986991284,80.9848122465059,18.746599154244265,-0.008773347787160823,0.007760458066671372
hsa-miR-6780a-5p,0.17601516111033486,0.1238835924125955,52.23549824155259,47.46460300492449,0.002081800831678812,0.09563549373538376
hsa-miR-30d-5p,0.17439955425825776,0.020657196988432422,92.38010483870308,7.424838410050222,-0.007593420111340412,2.8256709648702993e-05
hsa-miR-409-3p,0.17386462948359135,0.15474615362220917,81.01289431880326,18.658494898090936,-0.008547875107845774,0.008337111211645133
hsa-miR-5001-3p,0.1728598496116976,0.0018535977263507196,64.58841212704202,35.23687442561992,0.004149211934778825,0.05553833358733934
hsa-miR-502-5p,0.16632262010058965,0.009910527555269102,68.4707039550299,31.35306289731424,-0.003105308150004127,0.04651602609614135
hsa-miR-548o-3p,0.16251734155557918,0.051615250671088804,91.92085581933625,7.865011588437075,-0.008333991320226396,8.58238321117574e-05
hsa-miR-504-5p,0.15631558565942943,2.5927896773860303e-06,85.63785663555554,14.205825185995364,0.005063328269458207,0.004149543871087594
hsa-let-7d-5p,0.15359249118033574,0.19042117189463909,92.93034659073011,6.725639746194919,-0.009836469068164941,3.6472203832529095e-05
hsa-miR-3177-3p,0.15188111789961092,0.1069534446915882,92.09276469798814,7.648400739420655,0.004495432972607357,0.00011801417317395551
hsa-miR-3200-5p,0.1509635538748176,0.3616858242117308,89.4075273983191,10.079823223594351,-0.006616254228376626,0.000826200351897684
hsa-miR-6764-5p,0.1504195309228054,0.010802395740546537,60.025683320245605,39.81309475309105,0.0016875771882299637,0.09268262231809273
hsa-miR-148b-5p,0.1478467358212826,0.018195626418369016,92.1251876559954,7.708769981764931,-0.005885069949812519,0.00015443875984275695
hsa-let-7a-5p,0.14559329577098815,0.17603527734517105,90.06177138931523,9.616600037568618,-0.009280377466644108,0.000773974476061629
hsa-miR-204-5p,0.14559262752740226,0.06607943201003248,63.7158775113257,36.072450429136865,0.0034649255316202966,0.08230711301957447
hsa-miR-451a,0.14383372122942542,0.017947189026175883,89.20429017158254,10.633928918161855,-0.010332414374391799,0.0014862576559025486
hsa-miR-6750-3p,0.14294007886527038,0.07378127558430979,72.93868258126716,26.844596064283255,0.0025994155495447724,0.046071495040331506
hsa-miR-323a-3p,0.1425942985373479,0.3269198545972485,79.5416742129763,19.988811633889103,-0.0054584212074719664,0.02097112803775733
hsa-miR-548av-3p,0.14140723933060037,0.00435583588975334,77.906584340072,21.94765258470765,-0.002538750743187299,0.028251121729119182
hsa-miR-345-5p,0.13973156753350427,0.00694586836221413,85.61971973873277,14.233602825371513,-0.0063458165900058885,0.006799099793990157
hsa-miR-6849-3p,0.1391397484581502,0.44468231798105673,59.288130032813605,40.12804790074719,0.00179626728322654,0.10725324157037706
hsa-miR-323b-3p,0.1390207980734172,0.28478135563216234,76.32332593769097,23.252871908603456,-0.006137140130278625,0.03455687013161283
hsa-miR-222-3p,0.13691499725834705,0.0061084932996645505,92.0618631257171,7.795113383724887,-0.00847680495454134,0.0002934953859847008
hsa-miR-618,0.13580144949080128,0.021323366251876367,86.04004971175692,13.802825472500393,0.00611681534890105,0.006717082858151884
hsa-miR-30e-3p,0.13492566755033156,0.0012662194804374137,90.71703296909125,9.146775143877983,-0.0097054173140715,0.0009054672412492694
hsa-miR-99b-5p,0.13245542103756283,0.018724173956481006,89.32119849603808,10.52762190896788,-0.006506816638785691,0.002177192527131966
hsa-miR-425-5p,0.12999430920195235,0.03899830915740938,84.35772745825733,15.473279923383307,-0.005183177181960348,0.012268605826377003
hsa-miR-3187-3p,0.12992535646706152,0.24002541695119892,84.19542559468039,15.434623631901347,0.004164592663705206,0.01216529555095295
hsa-miR-145-3p,0.12696229821758373,0.02780392238255078,81.44671458878669,18.398519190613168,-0.003214331135392073,0.023191335767551887
hsa-miR-98-5p,0.12686550415871287,0.17366793509057507,88.70840068130435,10.991065879446364,-0.009448250542193263,0.0033289832653985263
hsa-miR-10a-5p,0.1266380708175624,0.3010115767452922,82.34060081385772,17.23174953857943,-0.006512665705053213,0.019144179567047108
hsa-miR-550a-3p,0.1253555071493937,0.016628229124252977,93.06501989042766,6.792996373298678,-0.008197178139063071,0.0002063314311473148
hsa-miR-193a-5p,0.12239686042160161,0.1390441719757325,91.8361477650492,7.902411202553468,0.006163312626335043,0.0006729482283935177
hsa-miR-3158-5p,0.12219409399950672,0.06085354181955501,64.20832992275484,35.60862244142609,0.001677729789727512,0.10920247395218502
hsa-let-7d-3p,0.12042793018180947,0.0003363445055333151,91.16772703492614,8.711508690386497,-0.006121814971016361,0.0013157186682681123
hsa-let-7f-1-3p,0.11879995501196536,0.00023349672745418896,83.73720524324649,16.14376130501409,-0.0053529094068730555,0.019060772333238926
hsa-miR-7704,0.11827975009895196,0.019165604905096396,80.31619279299336,19.546361852002576,-0.0029968489336077947,0.03349328402731799
hsa-miR-4804-5p,0.11799114085414428,0.001241508588133726,0.0,99.88076735055772,-0.0010698676644644118,0.3477776269470605
hsa-miR-1255a,0.11793725916208501,0.40108796340002745,86.66332784945712,12.817646927980775,-0.003947290644571286,0.008762072448974229
hsa-let-7g-5p,0.11657267555542619,0.11545154119759979,92.83878456466059,6.929191218586395,-0.012331485515880487,0.00039442334459922034
hsa-miR-3613-5p,0.11559676088125047,0.021148210638667286,77.45896906824534,22.404285960234752,-0.0059553330352247824,0.049644526089149786
hsa-miR-652-3p,0.11373508607835729,0.0577571078669019,83.25360431327773,16.574903492777004,-0.004500561888406217,0.023602791844278527
hsa-miR-140-3p,0.1125868536668604,0.005762365477234096,87.67904994339484,12.202600837461057,-0.005713871398876008,0.008677046591913502
hsa-miR-550a-5p,0.11187911822807978,0.004363358683536714,94.88755006865966,4.996207454428711,-0.006023912962375011,4.345268355986392e-05
hsa-miR-92a-3p,0.11057802166637047,0.0004193308926503548,92.72880070577956,7.160201941661401,-0.004719635105052337,0.000685410926959237
hsa-miR-6754-3p,0.10928191435883952,0.1213565385588985,60.96489735624303,38.804464190839234,0.0015647740533110213,0.14662224278413097
hsa-miR-23a-5p,0.10586375561154171,0.013465457132396167,84.42549825608988,15.45517253116618,0.0028388568021863506,0.023732875575939852
hsa-miR-211-5p,0.10585646738231391,0.0011922424956918106,54.60694195918349,45.28600933093851,-0.0013233592991394598,0.18610742955426762
hsa-miR-148a-3p,0.10358191837271928,0.048973005825824735,93.09420866513284,6.7532364106686185,-0.012851122385202812,0.0007158111104970451
hsa-miR-423-5p,0.10259464359330739,0.025991857100003707,75.80446574042338,24.06694775888332,0.0031831087343756536,0.07430079451139586
hsa-miR-543,0.10250548726311033,0.13614529421935143,91.59732319469343,8.164026023824105,-0.008043770039431951,0.00220175328852677
hsa-miR-5094,0.10160090765859241,0.7958226714235298,0.0,99.10257642091788,-0.0010657274120517098,0.38175164198979117
hsa-miR-4677-3p,0.10105259168639028,0.0021689290368614085,51.230281925718046,48.66649655355871,-0.0023508785603454257,0.2128318027995726
hsa-let-7e-5p,0.09959413442515283,0.1674528025504837,91.88676975425791,7.84618330876645,-0.00787053463171656,0.0020824470301256956
hsa-miR-1270,0.09937897379570042,0.13544918070649783,80.94815056788688,18.817021277610923,0.004142706107598253,0.04701078039717987
hsa-miR-4738-3p,0.09877210335389208,0.08080584053790027,84.57514101696084,15.245281039147358,0.0023427525895382295,0.027878582052234573
hsa-miR-221-3p,0.09837877759424289,0.022147370445205594,90.3825303404341,9.496943511526457,-0.009482878472669622,0.005426398489161289
hsa-miR-494-3p,0.09621450685745016,0.5697442450028367,79.8650962596145,19.468944988525223,-0.004838105573362368,0.05469971518874361
hsa-miR-3127-3p,0.09600798885685222,0.04623491698496481,87.12785372931893,12.729903364839254,0.0031929692912800105,0.017655938153578694
hsa-miR-485-3p,0.0943886101773278,0.4294320579308968,80.25553801783349,19.22064131405829,-0.005574512122644955,0.05545842508645808
hsa-miR-550a-3-5p,0.09408482360718394,2.2985801117746933e-05,96.61258446618953,3.2933077244021725,-0.0063322356352069715,3.882175578325576e-06
hsa-miR-224-5p,0.09387934302261036,0.1874094732774853,94.91177619450151,4.806934989198387,-0.006344681153375061,0.0001345597742816248
hsa-let-7i-5p,0.09307661600403647,0.13050092778475544,91.07662743153993,8.699795024671273,-0.009913121040625882,0.004711804790220968
hsa-miR-6894-3p,0.09285323014459199,5.038841207238821,79.55510344697518,15.313202115641406,0.0032638694758793077,0.03335043749830217
hsa-miR-29a-3p,0.09027874973449129,0.000158645526573451,92.76944201942932,7.140120585309622,-0.008421187901111545,0.0021257392509743955
hsa-miR-6868-3p,0.08787643141477994,0.006797446942271317,82.9162499576176,16.98907616402535,-0.00449748830808129,0.04947726535989571
hsa-miR-6883-3p,0.08559857315597795,1.2218250445068934,61.470778720353124,37.221797661984,0.0018538318795611388,0.1896374347622194
hsa-miR-324-5p,0.08516470009487566,0.002991225657868455,92.13709301167118,7.7747510625760645,-0.0054907287599773496,0.004244574633154086
hsa-miR-340-3p,0.08462894248497271,0.007099344123857961,91.12970432052755,8.778567392863618,-0.007007600186370651,0.007302463301778817
hsa-miR-766-3p,0.08245496828522433,0.14319878590224416,92.8008993150225,6.9734469307900335,0.0045377624200362045,0.0029711670418700294
hsa-miR-6819-3p,0.0793696447140334,0.34797619413954517,0.0,99.57265416114642,0.000978800551011753,0.4405570861464352
hsa-miR-128-3p,0.07926277118972024,0.0034467454540045572,91.25219863554756,8.665091847808721,-0.0061576086101525354,0.00897008897741476
hsa-miR-215-5p,0.07892058381189904,0.026883425285538807,79.91535679272205,19.978839198180513,-0.0036250812816012784,0.08587797931657784
hsa-miR-199a-3p,0.0785011282511876,0.0005841334000717333,95.58375958925514,4.337155149093603,-0.01080172584952458,0.00023747136750414043
hsa-miR-199b-3p,0.07832485184095202,0.0005358641622860352,95.59750518681992,4.323634097176857,-0.010793075362379136,0.00023598128804418742
hsa-miR-133a-3p,0.07773708513910813,1.926542656738258,56.25426538508734,41.7414548730353,-0.003106051566990068,0.2378226712937116
hsa-miR-424-3p,0.07686240043140116,0.34300185272366124,91.28085572588046,8.299280020964495,-0.005412443182510928,0.00855549064438063
hsa-miR-1275,0.07669758934320277,0.0024887621149247167,87.9977344367187,11.923079211823172,-0.003580024136781549,0.028429258855987436
hsa-miR-378a-5p,0.07618037018264194,0.03221031377703344,90.79879767575551,9.092811640284818,0.005170463406533631,0.01238717534693821
hsa-miR-6513-3p,0.07566455419331464,0.0007715778232281409,85.91525385440713,14.008310013576326,-0.003624002964742146,0.04461675879099056
hsa-miR-610,0.07455958084488334,0.010849529137563678,69.61579485540716,30.298796034610387,0.001780595626709585,0.17500681819022523
hsa-miR-4448,0.0740273965885304,0.015917294305448096,84.53066006497279,15.379395244133237,-0.002920992040246856,0.057965870311275536
hsa-miR-4433a-5p,0.0736958828776595,0.0004546732367409099,51.23895214411092,48.68689729977467,-0.0023111197829698287,0.2871518558571652
hsa-miR-1843,0.073249203809271,0.068047689509172,94.24319702471242,5.615506081969136,-0.005532476001999482,0.0018067578292514078
hsa-miR-150-5p,0.07274011994625322,0.1513263569598179,92.7083454037339,7.067588119360025,-0.005629007431308204,0.005582496237799359
hsa-miR-10399-3p,0.07267880780639174,0.19445697285598879,89.25991840721362,10.472945812123996,-0.004424409095582476,0.02284170139317307
hsa-miR-338-5p,0.0721024255778669,0.052042226054577756,92.31133142947232,7.564523918895229,-0.004244279833351989,0.007644552808960479
hsa-miR-5690,0.07148578641730692,0.012456972610931033,77.64156143040883,22.27449581056293,-0.0021487818852770455,0.1215313264721863
hsa-miR-223-3p,0.07051846805526354,0.18702035730545408,91.07425154268803,8.668209631951235,-0.0068368511325760635,0.013731293363068574
hsa-miR-6855-5p,0.0701033874826831,0.014497782978509623,63.8366997234124,36.07869910612641,0.0013788264557324822,0.2280560668819086
hsa-miR-616-5p,0.06948157874588835,0.05806432486281995,83.4788577243427,16.3935963720486,-0.003281929187469625,0.07530159373779928
hsa-miR-636,0.06873139935638602,0.1392368044863236,91.74991271709648,8.042119079060798,0.0036507830179222816,0.011540855357737983
hsa-miR-6735-5p,0.06864374369155676,0.12964425309579258,73.88930819293358,25.912403810279056,0.0017999020238438253,0.15945794955476444
hsa-miR-6749-3p,0.06740152204749701,0.0065721878804265,91.75546233219323,8.170563957878848,0.004025031503447341,0.013080377945313387
hsa-miR-4672,0.06720464698258043,0.028704706110397476,54.5048549815492,45.39923566535782,-0.001489240678913815,0.29262275548848504
hsa-miR-664a-3p,0.06700032062495113,0.0010376288319810458,91.13505703102649,8.796905019516576,-0.004440953618742021,0.017104084645486923
hsa-miR-148b-3p,0.06681732126003011,0.022021451124185364,94.25722893361846,5.653932293997324,-0.007744262538427322,0.0029775188823137947
hsa-miR-1304-3p,0.06666035886073791,0.004115268067741809,72.17922379010818,27.75000058296333,-0.0024451767531473304,0.18029874785901412
hsa-miR-660-3p,0.06642654667944756,0.043406263903173446,57.66643230672983,42.22373488268754,0.001809752531326093,0.277986640203583
hsa-miR-1343-3p,0.06629356217283656,0.007964892119886666,86.27600963947395,13.649731906233315,0.0030787886191044477,0.05686466467012969
hsa-miR-3605-5p,0.06611038508173635,0.09667928053442776,61.07672141612064,38.7604889182632,-0.0014225095761439652,0.2587208933359826
hsa-miR-146b-5p,0.06580118495662313,0.0006274282045511114,95.64576985574199,4.287801531096832,-0.00885143187403502,0.0007133694970630047
hsa-miR-548ay-3p,0.0657731020215192,0.4884066957147821,62.9078422309133,36.53797797135041,-0.0018206819315652418,0.24587995128067042
hsa-miR-6786-3p,0.06564118380155233,0.0038878765572640524,92.01242083162991,7.918050108011284,0.003134432371808,0.012860469676802119
hsa-miR-1226-3p,0.06537660055813616,0.1689868691464437,92.25442601417583,7.511210516119572,0.003600706590649713,0.010803374622911777
hsa-miR-433-3p,0.06454444044604535,0.15883316193760771,78.91444217691249,20.862180220703852,-0.003194040245059832,0.12844018634619023
hsa-miR-1538,0.06390804662160435,0.20684636497336892,84.30264982617157,15.426595762233461,0.00233924376361481,0.07858860599419265
hsa-miR-25-5p,0.06361024457933177,0.0053452565446826805,78.21307192436778,21.717972574508195,0.0028300562548266846,0.1391129589304121
hsa-miR-3163,0.0631568342822816,0.43276016819591234,78.88332857558692,20.62075442193489,-0.0020906752753347513,0.13036598959312148
hsa-miR-432-5p,0.06285325381161884,0.14772158427412183,82.40965359151619,17.379771570398063,-0.0029102123324069476,0.10031358343496292
hsa-miR-181a-3p,0.06284758291678406,0.00789203581640504,89.52495842864943,10.40430195261738,-0.004517330199969178,0.03371343387101758
hsa-miR-132-3p,0.06250218930852244,0.0796014741900601,87.62631718780506,12.231579148696369,-0.003599676555096372,0.050798471001404694
hsa-miR-1299,0.06127384865362393,1.1032514038713086,51.49781230734756,47.33766244012751,0.003906486720514027,0.32532535178180877
hsa-miR-1273c,0.05979634341170446,0.015250565869649521,89.87831806177014,10.0466350289485,0.0021163452376575607,0.035034794255850224
hsa-miR-30c-5p,0.05864545269403487,0.0019217852816660942,92.28466018146923,7.654772580555067,-0.005694572703382216,0.01678472384640943
hsa-miR-5100,0.05856887494820957,0.38630749121766733,86.90131064826218,12.65381298557194,-0.004066644597195922,0.06301599522603125
hsa-miR-199a-5p,0.05831547896821567,0.23643261305803498,94.1091793979036,5.596072510070141,-0.007007174188970194,0.005287448749293894
hsa-miR-1285-5p,0.05771004445531537,0.17806978398607942,88.16621974069709,11.598000430861507,0.00253296503966722,0.05392447277694439
hsa-miR-627-3p,0.05764557314807577,0.004421890880525222,64.36985294209038,35.568079593881016,-0.0022682854341007238,0.2712025972513601
hsa-miR-28-5p,0.057154387964591956,0.027651455893012798,89.42855620626355,10.486637949878837,-0.004274539312987313,0.04368879799041232
hsa-miR-6782-3p,0.05713390293353624,0.11547637271328602,57.65424996261748,42.17313976173569,-0.0011917777377572908,0.3141756427902592
hsa-miR-7977,0.05655889234544346,0.2894416713680668,87.88273148628289,11.771267950003596,0.0027329984472694796,0.05826625383092678
hsa-miR-92b-3p,0.054283277237138106,0.08489141633538433,95.8481043860568,4.012720920370672,0.004182391168917107,0.001485419257699897
hsa-miR-361-5p,0.05327340954438004,0.11865419560835179,92.05231493079037,7.775757464056883,-0.0044122005580730156,0.02373631727120609
hsa-miR-2110,0.053252450162704204,0.005032801197794076,96.2505860161746,3.691128732464905,0.00526707298246815,0.0010329255550849362
hsa-miR-3940-3p,0.05307250541079012,2.634093546832023e-05,91.86170428110212,8.085196872551629,0.004637717841383366,0.02685494160308912
hsa-miR-99a-5p,0.05229935701528102,0.000857767440180884,96.03687605098683,3.909966824557704,-0.00753281191316294,0.0015797014217272675
hsa-miR-5010-5p,0.05211903098216794,0.43529167276189484,54.978213572591905,44.534375723664034,0.0020872494646386585,0.34945991586381775
hsa-miR-151a-5p,0.05161271295575502,3.1730287837401974e-05,94.22562520238579,5.722730354370617,-0.005292630118058864,0.009477686153950013
hsa-miR-6879-3p,0.05144687182531756,0.09453724595640622,77.81188222553835,22.042133656679916,0.001573100990493324,0.18665092804312056
hsa-miR-5090,0.05095299173083585,0.0011194595938575531,65.34880382599361,34.599123722681696,-0.0011086807612447165,0.2939993768638779
hsa-miR-197-3p,0.050244921724284596,0.0003746964665745655,91.2726484066684,8.676731975140749,0.0034167499142075375,0.0376109155310415
hsa-let-7c-5p,0.04889549195654457,0.08489615185685606,95.4448730397732,4.421335316413394,-0.006771309690404658,0.004065503750948964
hsa-miR-451b,0.04793455599479044,0.004354322741440332,95.95200914605432,3.99570197520944,-0.003466356443324952,0.002771016548294653
hsa-miR-6743-3p,0.047859264484618885,0.06363958337570158,65.30397738495635,34.584523767183335,0.0014644108085228398,0.3090048994305299
hsa-miR-1287-5p,0.0477197542445912,0.16881880435335694,74.46364002935896,25.319821412043098,-0.0025914073007512785,0.23540435290043527
hsa-miR-6747-3p,0.04747846722205651,0.00012565595580571603,94.63244041334927,5.319955463472861,0.00463986251001264,0.009851982529015637
hsa-miR-23b-3p,0.04729325754939612,0.0002796091415477619,94.53589309805132,5.41653403525775,-0.005527215048709018,0.010685006414278938
hsa-miR-3960,0.046873884270777995,0.0013661732039046655,69.17320350170766,30.778556440817656,-0.0032390026240197937,0.28605812904577765
hsa-miR-199b-5p,0.04643448379041329,0.0032548074712425864,93.51806651843242,6.432244190305939,-0.0046182940515676636,0.02026773666419372
hsa-miR-183-3p,0.046413426076432514,0.004379272523807417,86.85484730624611,13.094359995153637,0.00336018277729055,0.10378337285977089
hsa-miR-181a-2-3p,0.04640932696500621,0.0003689758033098913,85.91224263222557,14.040979065006102,-0.0030824088632491146,0.116176771702113
hsa-miR-6799-3p,0.045474419145659424,0.21546190683204366,62.760897973874386,36.97816570014791,0.0012196668165901242,0.3375378899585785
hsa-miR-6793-3p,0.04535354530010668,0.010646399301455776,85.58335036264172,14.360649692756706,0.002489914418287635,0.12463227484425123
hsa-miR-296-5p,0.043035375972395255,0.11796877125998344,72.91575400568972,26.923241847077893,0.002746573249643757,0.27448585938737025
hsa-miR-4301,0.041908539869632264,0.09795302828789981,82.6406844309696,17.219454000872872,0.002369697098656535,0.17757652945805602
hsa-miR-200c-3p,0.04165301448516073,0.10930524846953948,93.18791557264153,6.661126164403776,-0.0037611952333039865,0.030733356236641626
hsa-miR-4440,0.04114859485729671,0.3627260730051428,51.75899498961483,47.837130342522734,-0.0009761177714446644,0.4221907839190816
hsa-miR-219b-5p,0.04075256104745978,0.21285798045573967,0.0,99.7463894584968,-0.0005403237551739402,0.5808356771352143
hsa-miR-744-3p,0.04045108191641935,0.16776864250889315,73.00652117565677,26.78525909991792,-0.001423464485699131,0.28811970340785253
hsa-miR-6855-3p,0.03933861184409633,0.01642024132434507,82.73880489360786,17.205436253223688,0.0016056903326544566,0.19133080387058543
hsa-miR-7-5p,0.03867545936621103,0.08489674619987798,95.66569331420393,4.2107344802299655,-0.008516893251691674,0.008839417385198034
hsa-miR-6802-3p,0.03820554764516513,0.0025144309562139806,85.28881259401513,14.670467427383496,0.0020704642174643067,0.16314799780529876
hsa-miR-3140-3p,0.038020907768853765,0.43437485257638064,82.52874548287669,16.99885875677808,-0.001789327240031514,0.19618744175132652
hsa-miR-23a-3p,0.03719060575504121,0.002684246705957427,95.17186524370888,4.788259903830115,-0.005115302024186713,0.016053764567948096
hsa-miR-4753-3p,0.0367949286025373,0.39939000206189657,68.1753679236659,31.388447145669673,-0.0012441872765207316,0.34920869243128205
hsa-miR-6509-3p,0.03550524518001729,0.03019464195975724,81.39105875335409,18.543241359506148,0.0015485361515195752,0.23176215148687485
hsa-miR-5189-3p,0.035432042231362516,0.4864747066277833,62.34353079348678,37.13456245765408,-0.002957750710201811,0.39818657558166004
hsa-miR-3150a-5p,0.035140404418305404,0.007504262987771038,95.92935927053338,4.027996062060537,0.002887100735938268,0.010728319060983815
hsa-miR-1180-3p,0.034922456194833605,0.001210305873943351,97.77198406366392,2.1918831742673013,0.005906113978120448,0.000564331734124183
hsa-miR-6775-3p,0.034707244243916885,0.0033435499504700346,84.42588918714445,15.53606001866118,0.0016613876745559099,0.19647314948324335
hsa-miR-939-5p,0.034226496420625675,0.28928031702673385,68.72313977620652,30.953353410346118,0.0015688200844043265,0.3632649092649063
hsa-miR-24-3p,0.034017919042562454,0.0011839402238470397,96.31638781693901,3.6484103237945846,-0.005800519163790331,0.008339220175487506
hsa-miR-194-3p,0.03372300739754821,0.10148588961866227,79.9747441790382,19.890046923945597,-0.0012638757997581807,0.2605099261481538
hsa-miR-597-3p,0.03352165393805838,0.16969561066344305,90.33182291699062,9.464959818407873,0.001671830373073954,0.10396398513952357
hsa-miR-7155-3p,0.03281072257621296,0.013249269498637868,79.08547005941836,20.86846994850679,0.001398941925763347,0.2785591519632492
hsa-miR-500b-5p,0.0327149572824057,0.02085079785702957,93.03592502852614,6.910509216334433,-0.0029721190123594633,0.060135789559226806
hsa-miR-4661-5p,0.03263065709481348,0.023172160079724023,91.0930211439737,8.851176038851765,0.002335792505543103,0.09717618647669157
hsa-miR-503-5p,0.03197885702363377,0.7047318634654154,90.00957700687606,9.253712272634909,-0.0036944542646903354,0.10823964224659226
hsa-miR-1260b,0.03159781819030948,0.3315292454156753,90.35935017428896,9.277522762105038,-0.003514486507115128,0.11080368532375288
hsa-miR-324-3p,0.03153272356988499,0.001284135547168872,92.44316783814266,7.524015302740283,-0.003283573720757156,0.07695601840081406
hsa-miR-5006-3p,0.031076162195439152,0.10455225614181841,47.54362445275268,52.320747128910064,0.0010449394272501902,0.5046323899883078
hsa-miR-18b-3p,0.03096300563930775,0.034177435563952606,90.1844817497786,9.750377809018152,0.0023196616804018826,0.12363587629537842
hsa-miR-125b-5p,0.03083482844341053,0.01819504417776267,71.31342704795821,28.63754307942062,0.003587374505651632,0.36964693852728747
hsa-miR-331-5p,0.0302384559358029,0.18998450248702173,89.15476791290409,10.62500912867307,-0.002835557692822378,0.14495597030579846
hsa-miR-29c-5p,0.03021810325514878,0.0325031142556277,92.8015467444095,7.135732038079707,0.0038526384165253214,0.07541289222634928
hsa-miR-221-5p,0.029676265281349413,0.0007415647915763658,97.16980676638698,2.799775403540082,-0.004104558639238108,0.004914211252426438
hsa-miR-1260a,0.029405287172287648,0.36443282179830233,90.05358076557128,9.552581125458122,-0.003361354644408764,0.12952534358950374
hsa-miR-1284,0.02918232308183037,0.0015938005701402027,88.75688680571699,11.212337070631046,-0.002305363131032502,0.16330970730443795
hsa-miR-326,0.028513323216419483,0.06567780123661583,87.89209153895554,12.013717336591426,0.0027460949235829143,0.18312933276878307
hsa-miR-1292-5p,0.02801132704722272,0.005439948721591628,94.60423669470022,5.362312029530959,0.003137219677565528,0.0483121529409917
hsa-miR-486-5p,0.02716462707916527,0.012377729820590534,99.10201149131676,0.8584461517834886,0.005110899525749162,1.1767757673829673e-06
hsa-miR-576-3p,0.027074653573294284,0.5301625302451556,81.16808142731358,18.274681388867975,-0.0027441577707802674,0.292847508188373
hsa-miR-183-5p,0.02663342319958713,0.004460541567423142,92.18823122389641,7.780674811336567,-0.005331789310988978,0.10994510330309426
hsa-miR-589-5p,0.02616797093602532,0.06662878380942665,81.55338718557488,18.353816059679684,0.001980379596130203,0.3021086393240131
hsa-miR-548h-3p,0.025976676850840645,0.24460729896536298,56.97532077884612,42.75409524533769,0.0018923725232302296,0.5005489723403669
hsa-miR-4742-3p,0.02563776778470161,0.18181524788480952,88.50281182848843,11.289735155842072,-0.002746082718167248,0.19286819500759922
hsa-miR-937-3p,0.024789103082555133,0.3395224202919118,82.64328956955008,16.992398907075454,0.0017409145086263855,0.2967071203627879
hsa-miR-1468-5p,0.024488442006472818,0.36064863657951374,78.6141777011547,21.000685220259317,0.0016739486828792633,0.35067805370224425
hsa-miR-182-5p,0.0241981530665535,3.226606078776537e-07,85.45870120823655,14.51710031603628,-0.003390832302794673,0.2645747538634079
hsa-miR-579-5p,0.02350427829911372,0.490599652913163,76.4935976776793,22.992298391108417,0.001099103076642205,0.38213049088623186
hsa-miR-125a-5p,0.023395283184791553,0.02010079094332636,91.91167388414196,8.04483004172992,-0.0027430185931873303,0.14068843045532503
hsa-miR-30a-3p,0.02285761464400838,0.0038341963369583885,93.4103022016283,6.563005987390739,-0.002777996014186716,0.10688568569954275
hsa-miR-500a-5p,0.022429772428793068,0.01133491406395069,94.07682884793184,5.88940646557542,-0.0027100085072298786,0.09180057850663911
hsa-miR-6812-3p,0.022424684659430295,0.007350681787813459,77.79895628775095,22.171268345801796,0.0012145438992686392,0.3847238731871053
hsa-miR-3667-3p,0.022354427258248728,1.1799033130251593,0.0,98.79774225971659,-0.0005878891203668282,0.6811377337977232
hsa-miR-1229-3p,0.022291260520968022,0.014143714249341329,80.50779902704484,19.455765998184834,0.0017974587951323923,0.3549047558425297
hsa-miR-1307-3p,0.02219395194377902,0.02004930872829792,90.10713418238635,9.850622556941591,-0.0037139487792886986,0.19464341876937108
hsa-miR-548z,0.022082713586216853,0.24028520839762302,56.78405770877897,42.953574369237195,0.0017471065514869345,0.5354978170356922
hsa-miR-6833-3p,0.021600582307245618,0.007681750699923668,93.44853337731023,6.522184289682614,0.00228437324397704,0.11588177932237352
hsa-miR-6873-3p,0.02150289812527126,0.1422221795669251,86.31657229430293,13.519702628004868,0.0014762620982821937,0.2758334162721344
hsa-miR-28-3p,0.021350799229904713,3.825159438550534e-05,88.69259326273642,11.286017686439274,-0.0025999661274453425,0.234647429270329
hsa-miR-6818-3p,0.02081986027079578,0.0633966346992516,89.46962552271016,10.446157982319793,-0.001970813247941971,0.22258278537872955
hsa-miR-942-3p,0.02014131870053827,0.028832494638466266,82.85570871144824,17.095317475212767,0.001096329080227452,0.34828465518076357
hsa-miR-1236-3p,0.02013308259817357,0.10391001051037554,66.97938380614768,32.89657310074375,-0.0006693290618148833,0.4989659702134033
hsa-miR-574-5p,0.020078632983666796,0.027903858089061907,92.25144511200885,7.700572396918407,0.004000411566466765,0.162978922910752
hsa-miR-625-5p,0.019764143665649773,0.17032969631137407,68.83639705249658,30.973509107526393,-0.0012381070101243712,0.4899403272260341
hsa-miR-1306-5p,0.01943705972836499,0.00017741852623448924,93.67658226507898,6.303803256666428,0.0031251259451281484,0.12923949027714157
hsa-miR-532-3p,0.019425543450618254,0.0021061869368898343,93.17181020362652,6.806658065985968,0.00233234903855782,0.14441231204495802
hsa-miR-769-5p,0.019051358682413415,0.005275589937085643,89.3070629811923,10.668610070188183,-0.0024231504819040395,0.2482566405585962
hsa-miR-181a-5p,0.018904893802082143,0.008672674573204735,92.13328921660558,7.83913321501914,-0.0038151598186709026,0.17978219974312104
hsa-miR-93-3p,0.018474537628550534,0.007730848989600377,93.82933612437795,6.144458489003906,-0.0028413969614258226,0.13412596998565404
hsa-miR-877-3p,0.01844631050866457,1.1114526123872164e-05,83.77648355082471,16.2050590241405,0.0014185087282527179,0.356523116523517
hsa-miR-190b-5p,0.017881185437839658,0.3207228790108271,84.09339488516207,15.568001050389277,-0.0013937590681828765,0.35439454111074176
hsa-miR-3613-3p,0.017806892849146334,0.00802469813705253,71.95648746506706,28.017680943946736,0.0016793438216984981,0.4907907398071244
hsa-miR-3133,0.017561730340624474,0.0694869614304559,82.72683987822889,17.18611143000004,-0.0012608956546160156,0.3823453245653323
hsa-miR-4732-3p,0.01755945988582734,0.010139133674450528,98.27915228501001,1.6931491214297059,0.004259993479246983,0.0054017745300896595
hsa-miR-331-3p,0.017546090319455174,0.04005333196107257,90.46228108352922,9.480119494190252,-0.002424802623727601,0.23982189832151546
hsa-miR-146a-5p,0.017169653359422887,0.011385626415694874,96.5914135360321,3.3800311841927644,-0.004358171503660044,0.05152110895042747
hsa-miR-4659a-3p,0.01692979651215188,0.0190338987969585,91.68957221705116,8.27446408763973,-0.002695730145857094,0.21649809896776195
hsa-miR-6783-5p,0.016897590972211992,0.0019970301810608273,0.0,99.98110537884673,0.00038247020619692546,0.7224887343348554
hsa-miR-3691-5p,0.01689462515655816,0.76893681376635,85.51306266576756,13.701105895309542,0.0010637364697773431,0.33732900616310135
hsa-miR-151b,0.01674692344041593,0.0019693462025216378,92.83434428711246,7.146939443244614,-0.002756327091640334,0.18601073635226784
hsa-miR-1976,0.01671825833900172,0.003861989597477446,93.69308319318003,6.2863365588834945,0.0021659356390082065,0.1588487755745177
hsa-miR-6820-3p,0.016564422004718825,0.007987856242886825,78.72030062390137,21.255147097851047,-0.0008676099437220669,0.445441479995648
hsa-miR-7706,0.016085498250735998,0.041431498124525915,88.00834503404809,11.934137969576637,0.0017691223156436596,0.31580794955041536
hsa-miR-365a-3p,0.01607403873842545,0.10258719118640545,87.99767406073369,11.883664709341488,0.0018182098653902203,0.31494761717043385
hsa-miR-365b-3p,0.016063935639944737,0.10265202891406731,87.99764863695039,11.883635398495581,0.0018176536020461586,0.31509915281250755
hsa-miR-6721-5p,0.01605499213851802,0.00011614985980574833,72.57346770822832,27.41036114977336,0.0009691872197264856,0.5082073233902187
hsa-miR-4646-3p,0.01556429060850322,0.0001662914718198035,90.53453125179077,9.449738166128919,-0.001982525603098039,0.2674723009261317
hsa-miR-362-5p,0.015369615465374761,0.22215359867267503,89.13308723813142,10.62938954773053,-0.0024749079448763357,0.29880916658280665
hsa-miR-330-5p,0.015330711023464663,0.01622824033134785,96.24915783066295,3.7192832179822237,0.002716891811699971,0.07943639507573148
hsa-miR-671-5p,0.015017329528412324,0.019125096043150346,77.93676419370043,22.029093380728014,0.0008519833414815095,0.47554195345384265
hsa-miR-3909,0.014645658688244561,0.0011359751190893551,91.65258626678188,8.331632099410776,-0.0023497345647100006,0.2519811378773851
hsa-miR-16-2-3p,0.014547260803170089,0.0182865249972565,88.03615803415636,11.931008180043214,-0.004007419753487035,0.3400349034697686
hsa-miR-502-3p,0.014175762276346607,0.08401313817477958,87.9536205143312,11.948190585217656,-0.0020208532772620735,0.34659594567703955
hsa-miR-382-5p,0.013906838365281813,0.005603103705714589,87.98944146261428,11.99104859531473,-0.0019565712007655407,0.3520882024379165
hsa-miR-6734-5p,0.013603571210168667,0.007600560691149347,72.31705470432135,27.661741163777343,0.001223553486502026,0.5443437001941471
hsa-miR-4286,0.01346969810561158,0.023905452430056824,89.49050332054054,10.472121528923802,0.001934970220665601,0.3271627510640792
hsa-miR-6780a-3p,0.013399318135270444,0.8948828117252702,71.34608003796959,27.745637832169873,-0.0006573944352996728,0.5479816774951607
hsa-miR-4781-3p,0.013347200205006616,0.3734865594231666,70.04604985936871,29.56711638100312,-0.0008115888007461748,0.5615174601438127
hsa-miR-4804-3p,0.012887128826038789,0.00015038146851325236,59.662328977768155,40.3246335119373,0.0006900413078243514,0.6249035974866186
hsa-miR-342-3p,0.012630600452286282,0.06537860875666615,95.88299987575178,4.038990915039258,-0.0026532605440841746,0.12659383651976247
hsa-miR-4306,0.012625565417807946,0.0005178031525948245,89.39250522238308,10.594351409046519,-0.0013949149594798653,0.34558615973729623
hsa-miR-4685-3p,0.0125893626015178,4.307531893918832e-06,93.390808957392,6.596597372474601,0.002143718263363623,0.23266164158453728
hsa-miR-4755-5p,0.01254342384460467,8.877980651042088e-05,94.79028239471545,5.197085401633428,0.0017704706458014036,0.17954986672621032
hsa-miR-4635,0.012398842209195184,0.039621797812666344,84.52767550049069,15.420303859487458,-0.0008654389838734623,0.43848279857973016
hsa-miR-425-3p,0.012379343544336412,0.007598066286248483,94.10579151586046,5.874231074308947,-0.002425785761120045,0.2097689248882303
hsa-miR-500a-3p,0.011997116214327332,0.2752074922758411,64.03828001422828,35.67451537728155,-0.0011669412470394751,0.6160166677070109
hsa-miR-339-5p,0.011485351129842874,0.0015444934266048138,86.72712952752812,13.259840627915418,0.0021322441818550017,0.4213036106697825
hsa-miR-941,0.011431670973103063,0.033169395279196635,90.99969497358215,8.955703960165541,-0.001977187685457785,0.328967185960361
hsa-miR-6852-5p,0.011273251585518377,0.02291137567436051,93.99576148600374,5.970053886736359,-0.0013018052807964216,0.23515359663529367
hsa-miR-1303,0.01080777102778265,0.5721228096279449,84.42071980214884,14.996349617195435,0.0016337823949609408,0.4631720822755334
hsa-miR-181b-5p,0.010761080500372519,0.006930267555417029,91.29330269852811,8.689005953416093,-0.0019714572582745517,0.3363526852370181
hsa-miR-3605-3p,0.010347303448663478,0.03791851169160565,90.65895116116194,9.292783023697794,-0.0016144202997886844,0.36191608514059803
hsa-miR-4435,0.010301345684053482,0.020757140942253446,73.43138348034242,26.53755803303129,-0.000729649077986102,0.5901453187188446
hsa-miR-4745-3p,0.010287805115776144,0.0005314810500136862,86.42888171467368,13.560298999160523,0.0007902692083978744,0.45165571840935037
hsa-miR-423-3p,0.010179389354663759,0.03033063949305873,92.44541081328939,7.514079157862892,-0.0016348721617256373,0.3146021762973652
hsa-miR-130a-5p,0.010010408518751027,0.0015217270236056344,80.44109512190096,19.547372742556682,-0.0007342493100412091,0.5363134285338533
hsa-miR-30c-1-3p,0.009890700180454987,0.023258332870724614,86.48057459684637,13.486276370102445,0.0011336602281138885,0.45931821232111647
hsa-miR-574-3p,0.00984439959868913,0.041526712441144614,87.48501212630016,12.463616761659994,0.00141197969472082,0.4425818436221014
hsa-miR-223-5p,0.00945582626840928,0.026799395523332215,96.83171524473042,3.132029533477845,-0.0026444349169047385,0.1333319570667631
hsa-miR-10527-5p,0.009434986215519841,1.2990510958784993,88.39284385200628,10.298670065899701,-0.0012177492682728707,0.40821621318426515
hsa-let-7b-3p,0.009325033240592329,0.00035395722547383693,91.91078595415972,8.079535055374219,-0.0018286732953384905,0.35328984445779066
hsa-miR-874-3p,0.009302768429699236,0.0007409766241494236,85.58083704087665,14.409119214069499,-0.001333562084871504,0.48755945411435053
hsa-miR-10b-5p,0.009192171522323201,0.387233788352078,83.03533077895983,16.568243261165765,-0.0013021323658053946,0.5198780947860613
hsa-miR-664b-3p,0.00896028209715027,0.002657658836868082,83.10449051131734,16.88389154774866,0.0009575093071485852,0.5289771767575322
hsa-miR-671-3p,0.008632276721892464,0.07482893008490415,92.7281611816157,7.188377611577504,0.0016332374845419108,0.34374673673713063
hsa-miR-6515-3p,0.008428520950533393,0.07469247494030946,81.0700232735806,18.846855730528542,-0.0006575755727403482,0.5633592794726376
hsa-miR-589-3p,0.008215867956983324,0.24434146219520536,70.29046412701601,29.456978542831795,-0.0006704553980749272,0.64815437136361
hsa-miR-150-3p,0.007991764523749844,0.002893595517864283,93.62292870399841,6.366185935959978,-0.0016157573516684563,0.333036257202488
hsa-miR-363-5p,0.0079294148768,0.05907256826827009,94.33424286677537,5.598755150079562,-0.0011098565181283779,0.3038731145546667
hsa-miR-664a-5p,0.0074180812194107595,0.3002603531255825,89.28316720539027,10.40915436026474,-0.0011736589509180357,0.46573451520593967
hsa-miR-6866-3p,0.007406503616646287,3.51632982940143e-05,66.06533715869193,33.92722117439313,0.000467197683259528,0.6861755174476644
hsa-miR-6885-3p,0.0071202041009853605,0.06478802829253827,89.18685870046066,10.741233067145822,0.0008898993775734077,0.4817356235606731
hsa-miR-6842-3p,0.007059906757324849,0.00024822563272037325,95.61258656987914,4.380105297730809,0.0020963693609121047,0.2727303839180719
hsa-miR-584-5p,0.006862837467235336,0.10570471956585985,87.34178682594649,12.545645617020412,-0.0017000199484856085,0.5227471330006299
hsa-miR-1306-3p,0.006786431888144111,0.047143452803172045,85.79114772991124,14.154922385397436,0.0012435428941295562,0.5496017913271937
hsa-miR-505-5p,0.006680695930480894,0.3722177037835035,92.26548311411817,7.355618486167849,0.0012769512252259398,0.41027569980072587
hsa-miR-6859-5p,0.006640872101255156,0.05468739994277823,89.92792473176972,10.010746996186235,0.0008410889019032666,0.48161089826733927
hsa-miR-6767-5p,0.006623129072964917,0.1989333969294621,61.82761928182303,37.96682419217453,-0.00031143840934321507,0.7179099079133366
hsa-miR-4473,0.00637004497331962,0.0025166520876434458,95.80944268231832,4.181670620620719,-0.0016708135626436423,0.2863176309018135
hsa-miR-4746-5p,0.0062228843703616,0.009296852608010072,93.48433386827335,6.500146394748281,-0.0011200573309614202,0.3979697187107568
hsa-miR-942-5p,0.00610081325045815,0.007785738113818881,94.66211684639518,5.323996602240527,-0.0017149954927118312,0.35505885425497163
hsa-miR-4433b-5p,0.005702900265252326,1.0767040303678619,83.52945766177572,15.38813540759115,-0.0017676317170104844,0.59887168546708
hsa-miR-4732-5p,0.005682511618680246,0.0008575260851781285,92.33508325976993,7.658376702526202,0.0014582407459691846,0.4567238436938067
hsa-miR-6514-3p,0.005517867345202965,0.0688902887097678,94.4981998268222,5.427392017122836,0.0010785917513676034,0.3836956911630518
hsa-miR-1238-3p,0.005471236443213572,0.06690799946799315,91.01613094016885,8.911489823919945,0.0007638580148355695,0.49849490170732713
hsa-miR-3615,0.005356746026681364,0.0009300847598675133,92.16622102871021,7.827492140503233,-0.0013749384556785995,0.47484800253812887
hsa-miR-744-5p,0.005355175828184749,0.002936405850038729,91.90927225874125,8.082436159580524,-0.0012552070450673933,0.48187082787149704
hsa-miR-151a-3p,0.005288907314351505,0.0007593593582165343,94.39529252031126,5.59865921301618,-0.0020532345460329746,0.40109205910803114
hsa-miR-6505-3p,0.005246306548493906,0.0017659101342877084,91.86393745900732,8.1290503243099,-0.0008654514666848394,0.48765642993536507
hsa-miR-1285-3p,0.005211652907762358,3.637755176185574e-06,80.46735072068276,19.527433988654302,-0.0007598065708026232,0.6552294812654087
hsa-miR-6798-3p,0.004681437294740985,0.21063436432776853,52.41291448819345,47.37176971018403,0.0003796227256594424,0.7856786542844933
hsa-miR-501-5p,0.0044106869305432115,0.1384163186648954,90.53018980788414,9.326983186520415,0.0011265626606823448,0.5524026111105521
hsa-miR-122-5p,0.004308844070825221,0.6016663673804469,77.76169562543127,21.632329163117458,0.0009533198496809504,0.6997249031411864
hsa-miR-320e,0.004216252531441123,0.01033864646879645,83.46730147136208,16.518143629637684,0.0009975690200865945,0.6623839745495346
hsa-miR-6514-5p,0.004124322321762243,0.5860555566987953,73.43116657918392,25.978653541795527,0.00035387049340554396,0.7306019037265477
hsa-miR-6783-3p,0.004001574522034961,0.00023320439722255315,88.30789676396465,11.687868457116096,0.0008764672669170682,0.6131710270415911
hsa-miR-6777-3p,0.003963291437561458,0.022784310831790316,78.29336932586534,21.679883071865316,0.0006922307511109179,0.7117184537091359
hsa-miR-103a-2-5p,0.0038806116425611496,0.1993234699939124,73.74489494157402,26.0519009767895,0.0006286097413948136,0.7386986366919432
hsa-miR-320c,0.0038524819290406296,0.030635254112237345,93.14412919952419,6.821383064434531,0.001499997193520858,0.5161490809877795
hsa-miR-5189-5p,0.003754825364162653,0.06360576768645608,78.41502828218528,21.517611124764116,0.0006451399809434726,0.7180498810948341
hsa-miR-185-5p,0.0037005246192331814,0.014855291233868652,95.8519887774764,4.129455406670504,-0.0018690703450081451,0.41345397938916484
hsa-miR-6877-5p,0.0035909993705009065,0.031739309126417925,85.07068561822472,14.893984073278366,-0.0004776185931991457,0.6713249861693324
hsa-miR-130b-5p,0.003451210507280675,0.008802575537349736,94.14876971718267,5.838976496772694,-0.001108402865028004,0.5065522570300749
hsa-miR-6803-3p,0.0033043883398616238,0.004440874690849647,91.22423182179095,8.768022915178328,0.0011103628590161546,0.5958366270765771
hsa-miR-4659b-3p,0.0031389862964888763,0.31272490427949506,87.56969679647963,12.114439312944384,-0.0007999768120760654,0.6600420946529639
hsa-miR-3074-5p,0.0030368483029175716,0.20691733304300475,89.40004836023849,10.389997458415593,-0.0006713774591565751,0.6403981667567139
hsa-miR-1227-3p,0.0028578592757158836,0.0015951054310727475,89.17056600145862,10.824981033834597,0.0007171266054901593,0.6570586615460378
hsa-miR-6741-3p,0.002799740602463869,0.023950750393941053,91.47108071021819,8.5021687987854,0.0007120386501171777,0.6200249156535955
hsa-miR-185-3p,0.0026526848204308138,7.231802941664969e-05,92.47633118082089,7.520943816329267,0.001126234039060085,0.6078675407220435
hsa-miR-6734-3p,0.0025512713591713514,0.022054593090251665,90.50458521503421,9.470808920516378,-0.000772690705230931,0.6538215337545719
hsa-miR-6511a-3p,0.002519583986717286,0.013240633236624756,85.00339205649296,14.980847726283686,0.0007120452653802998,0.7230618509596027
hsa-miR-3158-3p,0.0023983251431176846,0.011285080042624906,97.41779693998896,2.5685196548252924,0.0016306763151987598,0.40387544301946077
hsa-miR-139-5p,0.002338713473825718,0.05838217531144896,96.49144885706268,3.4478302541520436,-0.0015809070059596491,0.4767600526742247
hsa-miR-4508,0.0023245061957051965,0.04132222338744088,75.17562922586659,24.780724044550265,-0.0011158104367065388,0.7912032931242635
hsa-miR-1296-5p,0.0022739992598593984,0.11647580790053311,74.82269729224438,25.058552900595227,0.00035940897150599563,0.7946016896223669
hsa-miR-3157-3p,0.0022540321834893374,0.06188484536212785,86.57670192603152,13.359159196422876,-0.00046005424149636744,0.7226588270262043
hsa-miR-1294,0.002203305268357352,0.001202107248034302,93.37022542281419,6.626369164669408,0.001028482309139712,0.6183412658750957
hsa-miR-625-3p,0.0021479619382008906,0.23400913583333263,90.0137736028633,9.750069299365181,-0.0009301755488553466,0.6850722019869709
hsa-miR-5193,0.0020962397910807952,0.4158418220585692,90.12747474002718,9.454587198123184,0.00046315864924979653,0.684117720362722
hsa-miR-191-3p,0.001987761518407292,0.17225304280681478,88.56411490307615,11.261644292598632,-0.0004364828640193278,0.7165964154738735
hsa-miR-378a-3p,0.0017204769255784512,0.08823906183790446,87.35157254536355,12.558467915872972,-0.0008154172118182736,0.7490910258359433
hsa-miR-1255b-5p,0.0016923965967414766,0.14814591997720658,94.63302570398713,5.2171359794389325,0.0008079535461663656,0.6226808212206231
hsa-miR-342-5p,0.0016896126715820721,0.02520045193482628,94.43138056743832,5.541729367955264,-0.0007629282925188307,0.6333261511326942
hsa-miR-22-5p,0.0015844743962484,0.22461132905105535,88.98524138560268,10.78856281095001,-0.0007433728027630799,0.7405385796854997
hsa-miR-629-5p,0.001536820640811397,0.0017735638719483912,96.25210342681227,3.7445861886749774,0.0011366123928000674,0.5799509787252877
hsa-miR-328-3p,0.0015206602375620246,0.00758567093642122,94.25360266621429,5.737291002611732,0.0007877068205586536,0.6564716959859687
hsa-miR-361-3p,0.0015128086869260339,0.0007215219227933579,92.20430146162862,7.79346420776165,-0.0007310768118543956,0.703449475574975
hsa-miR-145-5p,0.0015005886205227193,0.15723856348700707,90.52340813617657,9.317852711715906,0.0007380352987757989,0.7287868612068573
hsa-miR-6511b-3p,0.0014979150839421983,0.08316317775545512,88.21773613042792,11.697602776732682,0.0005722636963784013,0.7571827824741095
hsa-miR-3173-5p,0.0014070387974378308,0.009341533829297961,93.34800797096128,6.641243456411981,0.0006867181948773839,0.6908678482292863
hsa-miR-132-5p,0.0012780898367879513,0.03508853835694962,96.14466694177911,3.8189664300271415,0.0006512577379028471,0.6172248723185125
hsa-miR-320b,0.0012775559543143735,0.01624445640250013,93.91695240099534,6.0655255866478335,0.0008675291966150809,0.6917270646562568
hsa-miR-6726-3p,0.0012553290528748472,0.004529748582729547,92.25645350899686,7.7377614133675445,-0.0005801258670727247,0.7278334850817978
hsa-miR-148a-5p,0.0010980524317100904,0.007604795890018404,85.32473330479718,14.666563846881115,0.0004295872596343659,0.8130796541909746
hsa-miR-1301-3p,0.0010548443776196067,0.015341284171486268,97.29806124716389,2.685542624287008,0.0007243371268861198,0.5882138005154942
hsa-miR-127-3p,0.0010173100537655582,0.008672486126823604,94.16011393074106,5.830196273078351,-0.0008753583497768205,0.7181764680511754
hsa-miR-134-5p,0.0010077980382158186,0.05674934679316669,89.21148016534211,10.730762689826506,-0.0005075212198791387,0.7911617149151505
hsa-miR-5010-3p,0.0009096764036664495,0.2234570878925439,86.790349157226,12.985284078477791,0.00037612211642872,0.8191223396212103
hsa-miR-100-5p,0.0008530346440050751,0.07289670229029482,0.0,99.92625026306571,0.0007444794037835576,0.9363845965394865
hsa-miR-6806-3p,0.0008528763702836326,0.06291105664622303,93.11229951791653,6.823936549066965,-0.0004517490509815027,0.7600490397759689
hsa-miR-548q,0.0008496480375274013,0.35195187341564077,69.41189221738463,30.235306261162197,-0.00022879007470719877,0.884767815201212
hsa-miR-191-5p,0.0008351804065216415,0.003777676417875544,93.66401927170286,6.331367871472746,-0.0004963066856247073,0.753689781533497
hsa-miR-146b-3p,0.000744111626945203,0.02089163263430337,97.69702347828787,2.2813407774508816,-0.000646989320867575,0.6217415594267652
hsa-miR-6501-5p,0.0007148055960213809,0.09560818273125558,90.91031374401047,8.993363267662266,-0.00031197042792716404,0.8075486913639153
hsa-miR-1304-5p,0.0006630317004102004,0.025798062521412958,93.61007320023074,6.363465705547437,0.0003275930057832143,0.7803381273026044
hsa-miR-6511b-5p,0.0006329043445662268,0.7585121759441539,73.52194578164163,25.71890913806965,0.00013961804271674653,0.892126145555823
hsa-miR-3928-3p,0.0005525127588842161,0.0004191223204772466,87.16670245406006,12.832325910860575,-0.00022717397974788954,0.8576983648153509
hsa-miR-155-5p,0.000521105846922504,0.0587164640147345,95.39847496876376,4.5422874613745865,-0.0006390385392542534,0.76981226489093
hsa-miR-1273h-3p,0.0004780235531097092,0.048609460630530496,95.792474383953,4.158438131863358,0.0003935643176872584,0.7695884274941519
hsa-miR-877-5p,0.0004684528286931595,0.010912275841586768,92.18527120788205,7.803348063447668,0.000365716129431949,0.8323545934301753
hsa-miR-7976,0.00045348388310478794,0.009114607485503934,93.11871212214562,6.871719786485777,-0.0004779371348256196,0.8243543810985985
hsa-miR-92a-1-5p,0.000446297199135908,0.00010106082625976594,76.85485155474397,23.144601087230633,-0.00018305231732797163,0.9044844544520296
hsa-miR-18a-3p,0.00041230362979502,0.008614993766158513,95.33100069281734,4.659972009786717,-0.0004318681636980605,0.7971940134881832
hsa-miR-378c,0.0003886798970681736,0.10194512978688583,87.7584838596536,12.139182330662457,0.0004119945482917395,0.877119258397566
hsa-miR-6857-3p,0.00033950472140287095,1.031519882119761,93.58485404834495,5.383286564813894,0.0002496118052080081,0.8282589447083618
hsa-miR-505-3p,0.0003357365244393256,0.00010863458948500614,95.58891867094145,4.410636957944616,-0.00040239987285811777,0.811605109516884
hsa-miR-11401,0.0003096388804359399,0.2341463259925459,68.27670389574703,31.488840139379988,-0.00031194330699082666,0.9317096927728139
hsa-miR-29b-2-5p,0.0002874512611555328,0.845436229531623,83.7671566360128,15.387119683194408,-0.00024710456832773107,0.905984640827126
hsa-miR-4454,0.0002764106665908391,0.002626844622874185,87.5128185848776,12.48427815983293,-0.0002742538425982397,0.8977102723045456
hsa-miR-501-3p,0.000273568336748848,0.058521463946239,93.80491891586703,6.136286051849959,-0.0003267850020697705,0.855250433805813
hsa-miR-3179,0.0002536320311413325,0.29401186333474455,81.424972080837,18.280762423797125,-0.00012655515074921076,0.9189141317753942
hsa-miR-320d,0.00025285881682590196,0.004665780536616854,91.2734632365035,8.72161812414306,-0.0003106874358804507,0.8830399491462164
hsa-miR-484,0.00019111145264171197,0.02445398790766982,95.86280249797872,4.112552402660978,0.0003251365549757218,0.8522692355078386
hsa-miR-339-3p,0.00018205978903629283,0.025577864233344,78.84371080454079,21.130529271436814,-0.00019159544051058385,0.9360580478665187
hsa-miR-1908-5p,0.00016030104428554388,0.019858223053049354,87.07737498070797,12.902606495194691,0.0002125246227615469,0.9232684134149267
hsa-miR-23c,0.00014895691132686052,0.05569799087135743,55.68374026138863,44.26041279082868,5.651529505864882e-05,0.9599934576003569
hsa-miR-6859-3p,0.00013592142851565772,0.07781020890737105,74.2094735003174,25.712580369346703,8.404031566706396e-05,0.9498868964368073
hsa-miR-330-3p,0.00012024994462487593,0.009213214036924482,97.8370213376728,2.153645198345655,-0.00025726701113724406,0.8382485532133165
hsa-miR-6791-3p,0.00011584529758715805,0.2854463420320391,64.9901402517504,34.724297560919965,-4.761707816909616e-05,0.9601704495937018
hsa-let-7b-5p,0.00011529943376462346,0.03249799477175647,89.1011374654554,10.866249240339087,-0.0002961614675551903,0.9290756957737818
hsa-miR-320a-3p,9.537692248181991e-05,0.0033789124148129977,91.56296632796412,8.4335593826986,0.00021109814707138117,0.9267898748470837
hsa-miR-6738-3p,8.432242643073307e-05,0.07755449836206851,81.22185024347074,18.70051093574076,5.9454877550098774e-05,0.9537226548787929
hsa-miR-210-3p,7.136649256108817e-05,0.021848999556302092,52.329254680999846,47.648824952951294,0.00010676223780741917,0.9733496795997746
hsa-miR-5581-3p,4.6833162141573094e-05,0.10980603606522286,76.7725010155902,23.117646115182445,5.207587325460537e-05,0.9689650502398458
hsa-miR-6881-3p,3.968454232652995e-05,0.010173512784576039,86.4209151483853,13.568871654287781,-7.982089007045582e-05,0.9627257952885467
hsa-miR-152-3p,2.173878437513452e-05,0.0006151420640345337,96.41719193392491,3.5821711852266644,-0.00012103204210365534,0.9463425449273922
hsa-miR-22-3p,8.247523849516768e-06,0.08814671622479925,91.03469836685049,8.877146669400865,6.0085506566942126e-05,0.9789897231390052
hsa-miR-1271-5p,7.05402226752974e-06,0.15834332790437394,88.08790051870295,11.753749099370408,3.721543040530075e-05,0.9831123847147933
hsa-miR-6758-3p,5.629578125423892e-06,0.06874672130100716,82.9852737248944,16.945973924226458,-1.9072209825390613e-05,0.9874326574828831
hsa-miR-378i,4.768768196087377e-06,0.061504403313926564,95.5490410820892,4.389449745828685,-6.262471019729105e-05,0.9772823856355509
