Sample	cell_type	Bases
SRR23590929	Monocytes	1220667672
SRR23590930	Monocytes	1516949532
SRR23590931	Monocytes	1238464752
SRR23590932	Monocytes	1087932552
SRR23590933	Erythrocytes	2077495997
SRR23590934	Erythrocytes	2039337189
SRR23590935	Erythrocytes	1943423857
SRR23590936	Erythrocytes	1843506764
SRR23590937	Erythrocytes	1964497012
SRR23590938	Erythrocytes	1860758912
SRR23590939	Erythrocytes	2040983253
SRR23590940	Erythrocytes	1940608068
SRR23590941	Eosinophils	2039625591
SRR23590942	Eosinophils	1350437963
SRR23590943	Eosinophils	1353465758
SRR23590944	Eosinophils	1316178688
SRR23590945	Eosinophils	1444618114
SRR23590946	Eosinophils	103489458
SRR23590947	Eosinophils	1109435137
SRR23590948	Eosinophils	1000258082
SRR23590949	Eosinophils	1825409006
SRR23590950	Eosinophils	1565394432
SRR23590951	Eosinophils	1674909684
SRR23590952	Eosinophils	2263858968
SRR23590953	Eosinophils	1657169388
SRR23590954	Eosinophils	1766574600
SRR23590955	Eosinophils	1628626944
SRR23590956	Eosinophils	1816645740
SRR23590957	Eosinophils	1322558244
SRR23590958	Eosinophils	2993127648
SRR23590959	Eosinophils	1074401160
SRR23590960	CD8+ T cells	841410918
SRR23590961	CD8+ T cells	834689561
SRR23590962	CD8+ T cells	1598356970
SRR23590963	CD8+ T cells	1762412552
SRR23590964	CD8+ T cells	1382212238
SRR23590965	CD4+ T cells	1452905731
SRR23590966	CD4+ T cells	1298168118
SRR23590967	CD4+ T cells	1292899918
SRR23590968	CD4+ T cells	876536109
SRR23590969	CD4+ T cells	1064622493
SRR23590970	CD4+ T cells	1033695958
SRR23590971	CD4+ T cells	934698741
SRR23590972	CD4+ T cells	1094556945
SRR23590973	CD4+ T cells	1139076004
SRR23590974	CD4+ T cells	1199293802
SRR23590975	CD4+ T cells	1320235770
SRR23590976	CD4+ T cells	1190232853
SRR23590977	CD4+ T cells	1097172301
SRR23590978	CD4+ T cells	1319670681
SRR23590979	CD4+ T cells	1114583560
SRR23590980	CD4+ T cells	1272859224
SRR23590981	CD4+ T cells	1314366480
SRR23590982	CD4+ T cells	1818902736
SRR23590983	CD4+ T cells	1260733656
SRR23590984	CD4+ T cells	1349140380
SRR23590985	CD4+ T cells	2029886628
SRR23590986	CD4+ T cells	1447423656
SRR23590987	CD4+ T cells	1025302068
SRR23590988	CD4+ T cells	1640545956
SRR23590989	B cells	1610397221
SRR23590990	B cells	1624396078
SRR23590991	B cells	2100210743
SRR23590992	B cells	1336188689
SRR23590993	B cells	1585715917
SRR23590994	B cells	2028111663
SRR23590995	B cells	1277384927
SRR23590996	B cells	1388370920
SRR23590997	B cells	1604681153
SRR23590998	B cells	1536752400
SRR23590999	B cells	1355150446
SRR23591000	B cells	1252749560
SRR23591001	B cells	910964364
SRR23591002	B cells	1042848568
SRR23591003	B cells	908145309
SRR23591004	B cells	688097707
SRR23591005	B cells	1502561782
SRR23591006	B cells	1470542131
SRR23591007	B cells	1012952172
SRR23591008	B cells	1578473349
SRR23591009	B cells	1681702308
SRR23591010	B cells	1076893849
SRR23591011	B cells	995201817
SRR23591012	B cells	1775833753
SRR23591013	Thrombocytes	701230435
SRR23591014	Thrombocytes	1543820876
SRR23591015	Thrombocytes	1338223336
SRR23591016	Thrombocytes	758840474
SRR23591017	Thrombocytes	512983804
SRR23591018	Thrombocytes	1006073053
SRR23591019	Thrombocytes	901959860
SRR23591020	Thrombocytes	1376697313
SRR23591021	Thrombocytes	725611054
SRR23591022	Thrombocytes	1193867769
SRR23591023	Thrombocytes	738213341
SRR23591024	Thrombocytes	1751113044
SRR23591025	Thrombocytes	530356510
SRR23591026	Thrombocytes	434124459
SRR23591027	Thrombocytes	259296118
SRR23591028	Thrombocytes	491160037
SRR23591029	Thrombocytes	1240933527
SRR23591030	Thrombocytes	571472610
SRR23591031	Thrombocytes	374352541
SRR23591032	Thrombocytes	483221953
SRR23591033	Thrombocytes	553725308
SRR23591034	Thrombocytes	410017900
SRR23591035	Thrombocytes	300453753
SRR23591036	Thrombocytes	432903117
SRR23591037	Neutrophils	2833009979
SRR23591038	Neutrophils	2548701555
SRR23591039	Neutrophils	3389872635
SRR23591040	Neutrophils	3449081949
SRR23591041	Neutrophils	3286775736
SRR23591042	Neutrophils	3141558229
SRR23591043	Neutrophils	3959274530
SRR23591044	Neutrophils	2611334915
SRR23591045	Neutrophils	2635943870
SRR23591046	Neutrophils	2087417111
SRR23591047	Neutrophils	1825193805
SRR23591048	Neutrophils	3029105376
SRR23591049	Neutrophils	2479539177
SRR23591050	Neutrophils	2917964390
SRR23591051	Neutrophils	2948786413
SRR23591052	Neutrophils	3754839686
SRR23591053	Neutrophils	3044543119
SRR23591054	Neutrophils	2676488207
SRR23591055	Neutrophils	3567331100
SRR23591056	Neutrophils	3620970677
SRR23591057	Neutrophils	3064796650
SRR23591058	Neutrophils	846736044
SRR23591059	Neutrophils	1241334612
SRR23591060	Neutrophils	1150407552
SRR23591061	Natural killer cells	1787765303
SRR23591062	Natural killer cells	947427834
SRR23591063	Natural killer cells	2070604595
SRR23591064	Natural killer cells	2065452338
SRR23591065	Natural killer cells	1408605068
SRR23591066	Natural killer cells	2582199000
SRR23591067	Natural killer cells	2260380850
SRR23591068	Natural killer cells	2009039146
SRR23591069	Natural killer cells	3260264407
SRR23591070	Natural killer cells	1354327485
SRR23591071	Natural killer cells	990660373
SRR23591072	Natural killer cells	1095575085
SRR23591073	Natural killer cells	758459701
SRR23591074	Natural killer cells	1021496383
SRR23591075	Natural killer cells	1497669527
SRR23591076	Natural killer cells	1259916939
SRR23591077	Natural killer cells	2104108501
SRR23591078	Natural killer cells	1958276773
SRR23591079	Natural killer cells	1855354605
SRR23591080	Natural killer cells	1977395298
SRR23591081	Natural killer cells	1446932572
SRR23591082	Natural killer cells	1590904100
SRR23591083	Natural killer cells	2003637324
SRR23591084	Natural killer cells	1547802130
SRR23591085	Erythrocytes	1564096914
SRR23591086	Erythrocytes	2139342251
SRR23591087	Erythrocytes	1936270465
SRR23591088	Erythrocytes	2140124458
SRR23591089	Erythrocytes	2279172704
SRR23591090	Erythrocytes	2081734271
SRR23591091	Erythrocytes	2549858642
SRR23591092	Erythrocytes	1749593005
SRR23591093	Erythrocytes	1903925279
SRR23591094	Erythrocytes	1754268639
SRR23591095	Erythrocytes	1971002671
SRR23591096	Erythrocytes	1960088196
SRR23591097	Erythrocytes	2156445725
SRR23591098	Erythrocytes	2207071636
SRR23591099	Erythrocytes	1926293758
SRR23591100	Erythrocytes	1509652907
SRR23591101	Erythrocytes	2024055078
SRR23591102	Erythrocytes	2073154205
SRR23591103	Erythrocytes	2113188975
SRR23591104	Erythrocytes	1630284179
SRR23591105	Erythrocytes	1949881591
SRR23591106	Erythrocytes	2711424041
SRR23591107	Erythrocytes	1803602421
SRR23591108	Erythrocytes	1776912953
SRR23591109	CD8+ T cells	1180398004
SRR23591110	CD8+ T cells	1164805694
SRR23591111	CD8+ T cells	1062760021
SRR23591112	CD8+ T cells	4235035690
SRR23591113	CD8+ T cells	717065139
SRR23591114	CD8+ T cells	1098369006
SRR23591115	CD8+ T cells	1667180039
SRR23591116	CD8+ T cells	441884688
SRR23591117	CD8+ T cells	595483887
SRR23591118	CD8+ T cells	832199875
SRR23591119	CD8+ T cells	3732721198
SRR23591120	CD8+ T cells	573609781
SRR23591121	CD8+ T cells	1978454263
SRR23591122	CD8+ T cells	302946847
SRR23591123	CD8+ T cells	1611301335
SRR23591124	CD8+ T cells	802968252
SRR23591125	CD8+ T cells	809636572
SRR23591126	CD8+ T cells	1469294022
SRR23591127	CD8+ T cells	3448924684
SRR23591128	CD8+ T cells	1727416368
SRR23591129	CD8+ T cells	1733878433
SRR23591130	CD8+ T cells	2003251794
SRR23591131	CD8+ T cells	1697185633
SRR23591132	CD8+ T cells	1361798744
SRR23591133	CD4+ T cells	1655799432
SRR23591134	CD4+ T cells	1634677044
SRR23591135	Basophils	2948973853
SRR23591136	Basophils	2512120438
SRR23591137	Basophils	1689961951
SRR23591138	Basophils	2328858362
SRR23591139	Basophils	2081789722
SRR23591140	Basophils	1878447568
SRR23591141	Basophils	1678765322
SRR23591142	Basophils	2159304043
SRR23591143	Basophils	573102699
SRR23591144	Basophils	1647298761
SRR23591145	Basophils	1550220745
SRR23591146	Basophils	2505403554
SRR23591147	Basophils	1270661085
SRR23591148	Basophils	840196889
SRR23591149	Basophils	368361561
SRR23591150	Basophils	899020176
SRR23591151	Basophils	1399193947
SRR23591152	Basophils	2486643437
SRR23591153	Basophils	1713090911
SRR23591154	Basophils	2894423488
SRR23591155	Basophils	2765960703
SRR23591156	Basophils	1895294661
SRR23591157	B cells	2095953441
SRR23591158	B cells	1714556706
SRR23591159	B cells	2121388055
SRR23591160	B cells	985730417
SRR23591161	B cells	1036207654
SRR23591162	B cells	1187256817
SRR23591163	B cells	1808380508
SRR23591164	B cells	703666090
SRR23591165	B cells	1595538554
SRR23591166	B cells	1705331818
SRR23591167	B cells	1852123679
SRR23591168	B cells	1853866942
SRR23591169	B cells	1190341767
SRR23591170	B cells	1763207255
SRR23591171	B cells	1267009129
SRR23591172	B cells	957871404
SRR23591173	B cells	1378910148
SRR23591174	B cells	1564965696
SRR23591175	B cells	1044386448
SRR23591176	B cells	1409556540
SRR23591177	B cells	287841960
SRR23591178	B cells	1342052880
SRR23591179	B cells	1260002856
SRR23591180	B cells	1153827024
SRR23591181	B cells	1043607684
SRR23591182	B cells	976264044
SRR23591183	B cells	1213104816
SRR23591199	Plasma	566468317
SRR23591200	Plasma	28746906
SRR23591201	Plasma	746655880
SRR23591202	Plasma	251598724
SRR23591203	Plasma	216046255
SRR23591204	Plasma	330331263
SRR23591205	Plasma	232676372
SRR23591206	Plasma	68054281
SRR23591207	Plasma	423962584
SRR23591208	Plasma	86967758
SRR23591209	Plasma	160349595
SRR23591210	Plasma	469851517
SRR23591211	Plasma	254039704
SRR23591212	Plasma	164131268
SRR23591213	Plasma	410610324
SRR23591214	Plasma	380572425
SRR23591215	Plasma	542278262
SRR23591216	Plasma	1198570380
SRR23591217	Plasma	1336623204
SRR23591218	Plasma	1359203496
SRR23591219	Plasma	1760364144
SRR23591220	Plasma	1394262912
SRR23591221	Plasma	1523950596
SRR23591222	Plasma	1172348688
SRR23591235	Thrombocytes	496321808
SRR23591236	Thrombocytes	1309383684
SRR23591237	Thrombocytes	1170312528
SRR23591238	Thrombocytes	1629373200
SRR23591239	Thrombocytes	1999630584
SRR23591240	Thrombocytes	2448476184
SRR23591241	Thrombocytes	1882709640
SRR23591242	Thrombocytes	1487194128
SRR23591243	Thrombocytes	1504736604
SRR23591244	Thrombocytes	2062595220
SRR23591245	Thrombocytes	1453240824
SRR23591246	Thrombocytes	1489880280
SRR23591247	Thrombocytes	1581491604
SRR23591248	Plasma	647308207
SRR23591249	Plasma	178353278
SRR23591250	Plasma	73829705
SRR23591251	Plasma	258466554
SRR23591252	Plasma	460984469
SRR23591253	Plasma	533650271
SRR23591254	Plasma	421422843
SRR23591255	Plasma	682823046
SRR23591256	Plasma	746044641
SRR23591257	Plasma	1124311483
SRR23591258	Plasma	590391199
SRR23591259	Natural killer cells	1361304442
SRR23591260	Natural killer cells	1534803228
SRR23591261	Natural killer cells	1330761096
SRR23591262	Natural killer cells	1245633564
SRR23591263	Natural killer cells	1252721400
SRR23591264	Natural killer cells	1732987704
SRR23591265	Natural killer cells	1334678604
SRR23591266	Natural killer cells	1533515088
SRR23591267	Natural killer cells	1146032244
SRR23591268	Natural killer cells	1693080228
SRR23591269	Natural killer cells	1820281092
SRR23591270	Natural killer cells	1248327528
SRR23591271	Monocytes	1171454986
SRR23591272	Monocytes	1215115442
SRR23591273	Monocytes	1260398816
SRR23591274	Monocytes	1094276779
SRR23591275	Monocytes	1154627631
SRR23591276	Monocytes	1313987841
SRR23591277	Monocytes	1260187946
SRR23591278	Monocytes	1206011609
SRR23591279	Monocytes	732873786
SRR23591280	Monocytes	941223925
SRR23591281	Monocytes	884799586
SRR23591282	Monocytes	758767060
SRR23591283	Erythrocytes	1793584463
SRR23591284	Erythrocytes	1745775406
SRR23591285	Erythrocytes	1710243598
SRR23591286	Erythrocytes	2146796328
SRR23591287	Erythrocytes	1485740107
SRR23591288	Erythrocytes	2080034318
SRR23591289	Erythrocytes	1704352302
SRR23591290	Erythrocytes	1431659904
SRR23591291	Erythrocytes	2447181744
SRR23591292	Erythrocytes	1909132428
SRR23591293	Erythrocytes	2749846848
SRR23591294	Erythrocytes	1971667152
SRR23591295	Erythrocytes	1630518708
SRR23591296	Erythrocytes	1767137316
SRR23591297	Erythrocytes	1926456504
SRR23591298	Erythrocytes	1692218640
SRR23591299	Erythrocytes	1701819084
SRR23591300	Erythrocytes	1974422268
SRR23591301	Erythrocytes	2185189944
SRR23591302	Erythrocytes	1968847272
SRR23591303	Eosinophils	1597292183
SRR23591304	Eosinophils	1598679594
SRR23591305	Eosinophils	2428216969
SRR23591306	Eosinophils	2100781228
SRR23591307	CD8+ T cells	1244378092
SRR23591308	CD8+ T cells	1332534887
SRR23591309	CD8+ T cells	1538659389
SRR23591310	CD8+ T cells	1050914736
SRR23591311	CD8+ T cells	1134035501
SRR23591312	CD8+ T cells	1538215142
SRR23591313	CD8+ T cells	751577032
SRR23591314	CD8+ T cells	700687356
SRR23591315	CD8+ T cells	1265247264
SRR23591316	CD8+ T cells	975204596
SRR23591317	CD8+ T cells	978400093
SRR23591318	CD8+ T cells	1273616232
SRR23591319	CD8+ T cells	1349461176
SRR23591320	CD8+ T cells	1477238280
SRR23591321	CD8+ T cells	1371286140
SRR23591322	CD8+ T cells	1339926336
SRR23591323	CD8+ T cells	813356208
SRR23591324	CD8+ T cells	1220761584
SRR23591325	CD8+ T cells	1495382616
SRR23591326	CD8+ T cells	1200422076
SRR23591327	CD8+ T cells	1458995412
SRR23591328	CD8+ T cells	1424241504
SRR23591329	CD8+ T cells	1755044172
SRR23591330	CD4+ T cells	1028281427
SRR23591331	Basophils	1788297590
SRR23591332	Basophils	888215112
SRR23591333	Basophils	447121293
SRR23591334	Basophils	1877904276
SRR23591335	Basophils	1276776244
SRR23591336	Basophils	821245711
SRR23591337	Basophils	1298569481
SRR23591338	Basophils	1510697743
SRR23591339	Basophils	826701635
SRR23591340	Basophils	928743900
SRR23591341	Basophils	1853066488
SRR23591342	Basophils	2110320828
SRR23591343	Basophils	1341132744
SRR23591344	Basophils	2520563472
SRR23591345	Basophils	1169021280
SRR23591346	Basophils	2271037860
SRR23591347	Basophils	1336015380
SRR23591348	Basophils	1501656156
SRR23591349	Basophils	1824573660
SRR23591350	Basophils	2242511376
SRR23591351	Basophils	2001995688
SRR23591352	Basophils	1843336656
SRR23591353	Basophils	2367228024
SRR23591354	B cells	1502581520
SRR23591371	Thrombocytes	1057429696
SRR23591372	Thrombocytes	1125229868
SRR23591373	Thrombocytes	1493356703
SRR23591374	Thrombocytes	1376638525
SRR23591375	Thrombocytes	750514517
SRR23591376	Thrombocytes	1187280531
SRR23591377	Thrombocytes	986334911
SRR23591378	Thrombocytes	1116079317
SRR23591379	Plasma	1287502020
SRR23591380	Plasma	1154574540
SRR23591381	Plasma	1437203796
SRR23591382	Plasma	1126011012
SRR23591383	Plasma	1582632240
SRR23591384	Neutrophils	2363573173
SRR23591385	Neutrophils	2962940192
SRR23591386	Neutrophils	2353203765
SRR23591387	Neutrophils	1853414814
SRR23591388	Neutrophils	2056051938
SRR23591389	Neutrophils	3328715791
SRR23591390	Neutrophils	3091126574
SRR23591391	Neutrophils	2161085717
SRR23591392	Neutrophils	3502764268
SRR23591393	Neutrophils	2902458629
SRR23591394	Neutrophils	1931478533
SRR23591395	Neutrophils	2328151628
SRR23591396	Neutrophils	2317116808
SRR23591397	Neutrophils	2157550272
SRR23591398	Neutrophils	3221749676
SRR23591399	Neutrophils	2769577656
SRR23591400	Neutrophils	2257227314
SRR23591401	Neutrophils	2889364667
SRR23591402	Neutrophils	3578065093
SRR23591403	Neutrophils	986219136
SRR23591404	Neutrophils	948757992
SRR23591405	Neutrophils	1024439052
SRR23591406	Neutrophils	750587880
SRR23591407	Neutrophils	780427704
SRR23591408	Neutrophils	947165856
SRR23591409	Neutrophils	856553292
SRR23591410	Neutrophils	715605996
SRR23591411	Neutrophils	1061792760
SRR23591412	Natural killer cells	1241509905
SRR23591413	Natural killer cells	2880530705
SRR23591414	Natural killer cells	2235679737
SRR23591415	Natural killer cells	3799053161
SRR23591416	Natural killer cells	2641686918
SRR23591417	Natural killer cells	1957577494
SRR23591418	Natural killer cells	2017881486
SRR23591419	Natural killer cells	2709627883
SRR23591420	Natural killer cells	54911684
SRR23591421	Natural killer cells	2291117673
SRR23591422	Natural killer cells	2883327963
SRR23591423	Natural killer cells	3079259563
SRR23591424	Natural killer cells	2687872915
SRR23591425	Natural killer cells	2706780996
SRR23591426	Natural killer cells	2194650328
SRR23591427	Monocytes	1209697077
SRR23591428	Monocytes	1127248043
SRR23591429	Monocytes	891821415
SRR23591430	Monocytes	1117395231
SRR23591431	Monocytes	1365705600
SRR23591432	Monocytes	1267669452
SRR23591433	Monocytes	1317824844
SRR23591434	Monocytes	1457861412
SRR23591435	Monocytes	1836606996
SRR23591436	Monocytes	1476575268
SRR23591437	Monocytes	1293531624
SRR23591438	Monocytes	1184401176
SRR23591439	Monocytes	853721253
SRR23591440	Monocytes	633915548
SRR23591441	Monocytes	1017448105
SRR23591442	Monocytes	1021835195
SRR23591443	Monocytes	755994297
SRR23591444	Monocytes	885265559
SRR23591445	Monocytes	1310907719
SRR23591446	Monocytes	1155197051
SRR23591447	Monocytes	1230730259
SRR23591448	Monocytes	1135042849
SRR23591449	Monocytes	1551775787
SRR23591450	Monocytes	1031706680
SRR23591451	Monocytes	1273221203
SRR23591452	Monocytes	1395041157
SRR23591453	Monocytes	1301289491
SRR23591454	Monocytes	1182609725
SRR23591455	Monocytes	1229356977
SRR23591456	Monocytes	1159535932
SRR23591457	Monocytes	1689571380
SRR23591458	Monocytes	1131669071
SRR23591459	Monocytes	1463452568
SRR23591460	Monocytes	1271352554
SRR23591461	Monocytes	1336682991
SRR23591462	Monocytes	757055534
SRR23591463	Eosinophils	2256084711
SRR23591464	Eosinophils	1777168056
SRR23591465	Eosinophils	2358766828
SRR23591466	Eosinophils	1790175185
SRR23591467	Eosinophils	2466440529
SRR23591468	Eosinophils	2242822124
SRR23591469	Eosinophils	1898020422
SRR23591470	Eosinophils	599906264
SRR23591471	Eosinophils	1535706783
SRR23591472	Eosinophils	878208372
SRR23591473	Eosinophils	689045770
SRR23591474	Eosinophils	586588013
SRR23591475	Eosinophils	1634457630
SRR23591476	Eosinophils	1325368928
SRR23591477	Eosinophils	2129558593
SRR23591478	Eosinophils	2369585311
SRR23591479	Eosinophils	1655136096
SRR23591480	Eosinophils	1307651304
SRR23591481	Eosinophils	1885976266
SRR23591482	Eosinophils	1785461637
SRR23591483	Eosinophils	2389339215
SRR23591484	Eosinophils	1517292081
SRR23591485	Eosinophils	1781514108
SRR23591486	Eosinophils	1605889999
SRR23591487	CD4+ T cells	1521463615
SRR23591488	CD4+ T cells	779480245
SRR23591489	CD4+ T cells	1226911666
SRR23591490	CD4+ T cells	1187814664
SRR23591491	CD4+ T cells	1194397571
SRR23591492	CD4+ T cells	1263189897
SRR23591493	CD4+ T cells	1305794228
SRR23591494	CD4+ T cells	1291166808
SRR23591495	CD4+ T cells	1259519055
SRR23591496	CD4+ T cells	725984017
SRR23591497	CD4+ T cells	648854445
SRR23591498	CD4+ T cells	829352136
SRR23591499	CD4+ T cells	1006574597
SRR23591500	CD4+ T cells	1151021186
SRR23591501	CD4+ T cells	774548656
SRR23591502	CD4+ T cells	1050609649
SRR23591503	CD4+ T cells	1074890797
SRR23591504	CD4+ T cells	1350799353
SRR23591505	CD4+ T cells	1446569975
SRR23591506	CD4+ T cells	1174855318
SRR23591507	CD4+ T cells	1179565387
SRR23591508	CD4+ T cells	1078069609
SRR23591509	CD4+ T cells	1015286297
SRR23591510	CD4+ T cells	1448518428
